PRODUCTID,GENDER_SIMPLIFIED,CATEGORY_SIMPLIFIED,COLOR,IMAGE
42419,0,1,White,42419.jpg
34009,0,1,Black,34009.jpg
40143,0,1,Blue,40143.jpg
23623,0,1,Pink,23623.jpg
47154,0,1,Black,47154.jpg
25520,0,1,White,25520.jpg
31120,0,1,Pink,31120.jpg
31118,0,1,Red,31118.jpg
54923,0,1,Olive,54923.jpg
31127,0,1,Black,31127.jpg
47153,0,1,Pink,47153.jpg
40144,0,1,Pink,40144.jpg
23624,0,1,White,23624.jpg
34693,0,1,Pink,34693.jpg
4718,0,1,Yellow,4718.jpg
36750,0,1,Navy Blue,36750.jpg
34007,0,1,Pink,34007.jpg
31129,0,1,Magenta,31129.jpg
4720,0,1,Yellow,4720.jpg
17612,0,1,Grey,17612.jpg
50723,0,1,Blue,50723.jpg
33271,0,1,Red,33271.jpg
41007,0,1,Navy Blue,41007.jpg
46813,0,1,Pink,46813.jpg
41000,0,1,Blue,41000.jpg
8378,0,1,Green,8378.jpg
39328,0,1,Green,39328.jpg
50724,0,1,Blue,50724.jpg
46814,0,1,Pink,46814.jpg
29171,0,1,Blue,29171.jpg
34065,0,1,Black,34065.jpg
31173,0,1,White,31173.jpg
34091,0,1,Grey,34091.jpg
8371,0,1,Yellow,8371.jpg
39321,0,1,Blue,39321.jpg
41009,0,1,Navy Blue,41009.jpg
8385,0,1,Orange,8385.jpg
37613,0,1,Purple,37613.jpg
31180,0,1,White,31180.jpg
31174,0,1,Red,31174.jpg
34062,0,1,Pink,34062.jpg
40128,0,1,Orange,40128.jpg
8382,0,1,Blue,8382.jpg
39326,0,1,Black,39326.jpg
31128,0,1,Blue,31128.jpg
31117,0,1,White,31117.jpg
4719,0,1,White,4719.jpg
38290,0,1,Turquoise Blue,38290.jpg
36751,0,1,White,36751.jpg
34006,0,1,Purple,34006.jpg
40946,0,1,Navy Blue,40946.jpg
31119,0,1,Purple,31119.jpg
40145,0,1,Pink,40145.jpg
23625,0,1,Pink,23625.jpg
31126,0,1,White,31126.jpg
34008,0,1,Pink,34008.jpg
40941,0,1,Pink,40941.jpg
42418,0,1,White,42418.jpg
31121,0,1,Black,31121.jpg
4717,0,1,Pink,4717.jpg
31175,0,1,Magenta,31175.jpg
34063,0,1,Pink,34063.jpg
39743,0,1,White,39743.jpg
39327,0,1,Green,39327.jpg
8383,0,1,Blue,8383.jpg
3901,0,1,Blue,3901.jpg
34064,0,1,Blue,34064.jpg
31172,0,1,Peach,31172.jpg
27225,0,1,Pink,27225.jpg
8384,0,1,Orange,8384.jpg
41008,0,1,Navy Blue,41008.jpg
39744,0,1,White,39744.jpg
43590,0,1,Blue,43590.jpg
40127,0,1,Black,40127.jpg
8379,0,1,Green,8379.jpg
39329,0,1,Green,39329.jpg
41001,0,1,Blue,41001.jpg
46815,0,1,Yellow,46815.jpg
33270,0,1,White,33270.jpg
50722,0,1,Pink,50722.jpg
41006,0,1,Navy Blue,41006.jpg
8465,0,1,Purple,8465.jpg
34118,0,1,Black,34118.jpg
37564,0,1,Pink,37564.jpg
12849,0,1,White,12849.jpg
39852,0,1,Blue,39852.jpg
37590,0,1,Pink,37590.jpg
38342,0,1,White,38342.jpg
36213,0,1,Green,36213.jpg
37563,0,1,White,37563.jpg
24941,0,1,Pink,24941.jpg
2707,0,1,Pink,2707.jpg
34116,0,1,Blue,34116.jpg
38945,0,1,White,38945.jpg
21868,0,1,Pink,21868.jpg
24946,0,1,White,24946.jpg
27196,0,1,Yellow,27196.jpg
34111,0,1,Navy Blue,34111.jpg
52131,0,1,Blue,52131.jpg
2700,0,1,White,2700.jpg
33152,0,1,Green,33152.jpg
39830,0,1,Purple,39830.jpg
38327,0,1,Blue,38327.jpg
3820,0,1,White,3820.jpg
18171,0,1,Green,18171.jpg
42590,0,1,White,42590.jpg
38329,0,1,Off White,38329.jpg
35436,0,1,Blue,35436.jpg
18178,0,1,Black,18178.jpg
43683,0,1,Blue,43683.jpg
41312,0,1,Pink,41312.jpg
39005,0,1,Navy Blue,39005.jpg
24947,0,1,Red,24947.jpg
52130,0,1,Blue,52130.jpg
34110,0,1,Red,34110.jpg
43042,0,1,Pink,43042.jpg
2701,0,1,Yellow,2701.jpg
38944,0,1,White,38944.jpg
2706,0,1,Pink,2706.jpg
34117,0,1,Blue,34117.jpg
38343,0,1,White,38343.jpg
41971,0,1,Blue,41971.jpg
37562,0,1,Green,37562.jpg
46733,0,1,Navy Blue,46733.jpg
2730,0,1,Red,2730.jpg
36212,0,1,Black,36212.jpg
24985,0,1,Pink,24985.jpg
41976,0,1,White,41976.jpg
2708,0,1,White,2708.jpg
2737,0,1,Red,2737.jpg
36215,0,1,Purple,36215.jpg
37565,0,1,Green,37565.jpg
38328,0,1,Pink,38328.jpg
35437,0,1,Black,35437.jpg
18179,0,1,Black,18179.jpg
30725,0,1,Pink,30725.jpg
39836,0,1,Peach,39836.jpg
33153,0,1,White,33153.jpg
39831,0,1,Magenta,39831.jpg
5570,0,1,Grey,5570.jpg
3819,0,1,Pink,3819.jpg
38326,0,1,Pink,38326.jpg
34159,0,1,White,34159.jpg
39010,0,1,Pink,39010.jpg
41307,0,1,Black,41307.jpg
34166,0,1,Magenta,34166.jpg
38935,0,1,Black,38935.jpg
38767,0,1,Pink,38767.jpg
33149,0,1,Pink,33149.jpg
38932,0,1,Pink,38932.jpg
43691,0,1,Yellow,43691.jpg
34161,0,1,Black,34161.jpg
41300,0,1,Green,41300.jpg
38335,0,1,Red,38335.jpg
8415,0,1,White,8415.jpg
41309,0,1,Peach,41309.jpg
30731,0,1,Magenta,30731.jpg
4213,0,1,Pink,4213.jpg
34157,0,1,Peach,34157.jpg
45568,0,1,White,45568.jpg
38332,0,1,Pink,38332.jpg
33147,0,1,Blue,33147.jpg
41755,0,1,Blue,41755.jpg
2741,0,1,Pink,2741.jpg
4214,0,1,Yellow,4214.jpg
38769,0,1,Blue,38769.jpg
52124,0,1,Orange,52124.jpg
2715,0,1,Orange,2715.jpg
35446,0,1,Peach,35446.jpg
3892,0,1,Pink,3892.jpg
35441,0,1,Peach,35441.jpg
41998,0,1,Blue,41998.jpg
38950,0,1,White,38950.jpg
2712,0,1,Blue,2712.jpg
52123,0,1,Pink,52123.jpg
3895,0,1,White,3895.jpg
39849,0,1,Blue,39849.jpg
37576,0,1,White,37576.jpg
37582,0,1,White,37582.jpg
38501,0,1,Navy Blue,38501.jpg
37549,0,1,Pink,37549.jpg
35448,0,1,Red,35448.jpg
39847,0,1,Pink,39847.jpg
37585,0,1,White,37585.jpg
37571,0,1,Green,37571.jpg
41996,0,1,Black,41996.jpg
38506,0,1,Pink,38506.jpg
38333,0,1,Yellow,38333.jpg
38768,0,1,Blue,38768.jpg
4215,0,1,White,4215.jpg
2740,0,1,Blue,2740.jpg
8414,0,1,White,8414.jpg
38334,0,1,White,38334.jpg
34156,0,1,Peach,34156.jpg
30730,0,1,Purple,30730.jpg
4212,0,1,Yellow,4212.jpg
38905,0,1,Pink,38905.jpg
33148,0,1,Black,33148.jpg
38766,0,1,Pink,38766.jpg
41301,0,1,Pink,41301.jpg
38933,0,1,Pink,38933.jpg
16806,0,1,White,16806.jpg
34158,0,1,White,34158.jpg
39011,0,1,Blue,39011.jpg
38934,0,1,Black,38934.jpg
34167,0,1,White,34167.jpg
37570,0,1,Pink,37570.jpg
39846,0,1,Green,39846.jpg
37584,0,1,Green,37584.jpg
41997,0,1,Blue,41997.jpg
3851,0,1,Pink,3851.jpg
41963,0,1,Green,41963.jpg
37583,0,1,Pink,37583.jpg
39841,0,1,Pink,39841.jpg
36207,0,1,White,36207.jpg
38500,0,1,Black,38500.jpg
35449,0,1,Navy Blue,35449.jpg
41999,0,1,Pink,41999.jpg
3894,0,1,Pink,3894.jpg
35447,0,1,Red,35447.jpg
52125,0,1,Pink,52125.jpg
3893,0,1,Green,3893.jpg
5215,0,1,White,5215.jpg
42003,0,1,Black,42003.jpg
10672,0,1,Purple,10672.jpg
43579,0,1,White,43579.jpg
8364,0,1,Blue,8364.jpg
42004,0,1,Black,42004.jpg
36727,0,1,Blue,36727.jpg
5444,0,1,Black,5444.jpg
40930,0,1,Blue,40930.jpg
37608,0,1,Orange,37608.jpg
37637,0,1,Teal,37637.jpg
43584,0,1,Pink,43584.jpg
31168,0,1,White,31168.jpg
36729,0,1,Pink,36729.jpg
38481,0,1,White,38481.jpg
57980,0,1,White,57980.jpg
43577,0,1,Peach,43577.jpg
37630,0,1,Red,37630.jpg
34015,0,1,Magenta,34015.jpg
25503,0,1,Black,25503.jpg
40997,0,1,Black,40997.jpg
34012,0,1,White,34012.jpg
36745,0,1,Red,36745.jpg
40158,0,1,Blue,40158.jpg
40990,0,1,White,40990.jpg
40999,0,1,Black,40999.jpg
17609,0,1,White,17609.jpg
5417,0,1,Blue,5417.jpg
40156,0,1,Green,40156.jpg
5428,0,1,White,5428.jpg
37209,0,1,Blue,37209.jpg
36728,0,1,Peach,36728.jpg
43576,0,1,White,43576.jpg
40931,0,1,Blue,40931.jpg
37636,0,1,Red,37636.jpg
43585,0,1,Pink,43585.jpg
43578,0,1,Peach,43578.jpg
8365,0,1,Pink,8365.jpg
31167,0,1,Blue,31167.jpg
40938,0,1,Magenta,40938.jpg
42002,0,1,Pink,42002.jpg
37607,0,1,Sea Green,37607.jpg
31160,0,1,White,31160.jpg
5416,0,1,White,5416.jpg
42290,0,1,Pink,42290.jpg
40998,0,1,Black,40998.jpg
34013,0,1,White,34013.jpg
36744,0,1,Pink,36744.jpg
38285,0,1,Pink,38285.jpg
5418,0,1,Pink,5418.jpg
40991,0,1,Yellow,40991.jpg
40159,0,1,Pink,40159.jpg
37201,0,1,Blue,37201.jpg
40161,0,1,White,40161.jpg
34014,0,1,White,34014.jpg
36743,0,1,Pink,36743.jpg
40996,0,1,Pink,40996.jpg
41003,0,1,Blue,41003.jpg
43592,0,1,Pink,43592.jpg
39314,0,1,Red,39314.jpg
29172,0,1,Pink,29172.jpg
37626,0,1,Pink,37626.jpg
33272,0,1,Pink,33272.jpg
50720,0,1,Orange,50720.jpg
41004,0,1,Navy Blue,41004.jpg
41236,0,1,Black,41236.jpg
37610,0,1,Pink,37610.jpg
34095,0,1,Off White,34095.jpg
31177,0,1,Red,31177.jpg
34061,0,1,Magenta,34061.jpg
8381,0,1,Purple,8381.jpg
3903,0,1,Yellow,3903.jpg
8375,0,1,Blue,8375.jpg
39325,0,1,Yellow,39325.jpg
36731,0,1,Pink,36731.jpg
34066,0,1,White,34066.jpg
34092,0,1,Off White,34092.jpg
8372,0,1,Blue,8372.jpg
39322,0,1,Blue,39322.jpg
39746,0,1,Black,39746.jpg
37628,0,1,Off White,37628.jpg
3904,0,1,White,3904.jpg
40944,0,1,Pink,40944.jpg
31124,0,1,Magenta,31124.jpg
40147,0,1,Blue,40147.jpg
17620,0,1,Red,17620.jpg
40943,0,1,Pink,40943.jpg
17618,0,1,Black,17618.jpg
31123,0,1,White,31123.jpg
40149,0,1,Pink,40149.jpg
4723,0,1,Blue,4723.jpg
36754,0,1,White,36754.jpg
34003,0,1,White,34003.jpg
38868,0,1,Grey,38868.jpg
40972,0,1,White,40972.jpg
4186,0,1,Navy Blue,4186.jpg
36753,0,1,Blue,36753.jpg
34004,0,1,White,34004.jpg
4724,0,1,Yellow,4724.jpg
36730,0,1,Blue,36730.jpg
37629,0,1,Blue,37629.jpg
39323,0,1,Blue,39323.jpg
31176,0,1,White,31176.jpg
37611,0,1,Blue,37611.jpg
34094,0,1,Lime Green,34094.jpg
39324,0,1,Blue,39324.jpg
8380,0,1,Purple,8380.jpg
3902,0,1,Pink,3902.jpg
50721,0,1,Pink,50721.jpg
33273,0,1,Green,33273.jpg
41005,0,1,Navy Blue,41005.jpg
37627,0,1,Purple,37627.jpg
43593,0,1,Pink,43593.jpg
41002,0,1,Blue,41002.jpg
33274,0,1,Black,33274.jpg
29173,0,1,Green,29173.jpg
50719,0,1,Red,50719.jpg
31178,0,1,Black,31178.jpg
46816,0,1,Yellow,46816.jpg
36752,0,1,Yellow,36752.jpg
4187,0,1,Red,4187.jpg
34005,0,1,Purple,34005.jpg
40148,0,1,Blue,40148.jpg
4722,0,1,Purple,4722.jpg
17619,0,1,White,17619.jpg
40989,0,1,White,40989.jpg
31122,0,1,White,31122.jpg
23621,0,1,Navy Blue,23621.jpg
40945,0,1,Navy Blue,40945.jpg
41299,0,1,Pink,41299.jpg
5438,0,1,Blue,5438.jpg
17621,0,1,Pink,17621.jpg
47151,0,1,Black,47151.jpg
40146,0,1,Black,40146.jpg
31125,0,1,Peach,31125.jpg
5575,0,1,Green,5575.jpg
41744,0,1,White,41744.jpg
24929,0,1,Navy Blue,24929.jpg
30727,0,1,Green,30727.jpg
5581,0,1,Pink,5581.jpg
18172,0,1,Magenta,18172.jpg
5586,0,1,Brown,5586.jpg
33151,0,1,Pink,33151.jpg
34710,0,1,Green,34710.jpg
18175,0,1,Lavender,18175.jpg
35432,0,1,Pink,35432.jpg
41311,0,1,White,41311.jpg
30729,0,1,Blue,30729.jpg
34721,0,1,Black,34721.jpg
43687,0,1,Pink,43687.jpg
34148,0,1,Blue,34148.jpg
41973,0,1,Pink,41973.jpg
2732,0,1,White,2732.jpg
37560,0,1,White,37560.jpg
38948,0,1,Pink,38948.jpg
37558,0,1,Pink,37558.jpg
37567,0,1,Green,37567.jpg
9927,0,1,Orange,9927.jpg
36217,0,1,Pink,36217.jpg
39851,0,1,Blue,39851.jpg
24945,0,1,Green,24945.jpg
21853,0,1,Orange,21853.jpg
35450,0,1,White,35450.jpg
37551,0,1,White,37551.jpg
34112,0,1,White,34112.jpg
2703,0,1,Pink,2703.jpg
37569,0,1,Green,37569.jpg
24942,0,1,Black,24942.jpg
2704,0,1,White,2704.jpg
34115,0,1,Blue,34115.jpg
38946,0,1,Green,38946.jpg
35434,0,1,Blue,35434.jpg
42592,0,1,Pink,42592.jpg
34149,0,1,Blue,34149.jpg
41310,0,1,White,41310.jpg
23132,0,1,Orange,23132.jpg
35433,0,1,Blue,35433.jpg
38922,0,1,Green,38922.jpg
30728,0,1,Orange,30728.jpg
18174,0,1,Lavender,18174.jpg
43688,0,1,Pink,43688.jpg
30726,0,1,Blue,30726.jpg
39835,0,1,Peach,39835.jpg
39009,0,1,Pink,39009.jpg
18173,0,1,Magenta,18173.jpg
37568,0,1,Pink,37568.jpg
24943,0,1,White,24943.jpg
36218,0,1,Pink,36218.jpg
38947,0,1,Green,38947.jpg
2705,0,1,Blue,2705.jpg
34114,0,1,Blue,34114.jpg
24944,0,1,Red,24944.jpg
34113,0,1,Pink,34113.jpg
43041,0,1,Pink,43041.jpg
2702,0,1,Blue,2702.jpg
35451,0,1,White,35451.jpg
37550,0,1,Green,37550.jpg
24986,0,1,White,24986.jpg
41975,0,1,White,41975.jpg
38949,0,1,Pink,38949.jpg
37559,0,1,Green,37559.jpg
36216,0,1,Magenta,36216.jpg
37566,0,1,Pink,37566.jpg
21863,0,1,Yellow,21863.jpg
38340,0,1,Off White,38340.jpg
41972,0,1,Blue,41972.jpg
37561,0,1,Pink,37561.jpg
35442,0,1,White,35442.jpg
2711,0,1,Pink,2711.jpg
3896,0,1,Blue,3896.jpg
37588,0,1,Pink,37588.jpg
38998,0,1,Pink,38998.jpg
34107,0,1,Pink,34107.jpg
13341,0,1,Purple,13341.jpg
2716,0,1,Red,2716.jpg
35445,0,1,Pink,35445.jpg
3898,0,1,Pink,3898.jpg
37586,0,1,Pink,37586.jpg
24992,0,1,Pink,24992.jpg
41995,0,1,Blue,41995.jpg
38505,0,1,Blue,38505.jpg
3853,0,1,Pink,3853.jpg
37575,0,1,Green,37575.jpg
37581,0,1,Green,37581.jpg
38502,0,1,Navy Blue,38502.jpg
3854,0,1,Pink,3854.jpg
2718,0,1,Red,2718.jpg
34109,0,1,Blue,34109.jpg
8420,0,1,Pink,8420.jpg
16803,0,1,Beige,16803.jpg
38931,0,1,Blue,38931.jpg
34162,0,1,White,34162.jpg
16804,0,1,White,16804.jpg
34165,0,1,White,34165.jpg
8418,0,1,Blue,8418.jpg
18169,0,1,Pink,18169.jpg
38331,0,1,White,38331.jpg
41756,0,1,Pink,41756.jpg
2742,0,1,White,2742.jpg
38900,0,1,Yellow,38900.jpg
4217,0,1,Blue,4217.jpg
38336,0,1,Pink,38336.jpg
18167,0,1,Magenta,18167.jpg
38907,0,1,Red,38907.jpg
37580,0,1,Pink,37580.jpg
37574,0,1,Pink,37574.jpg
34108,0,1,Pink,34108.jpg
52128,0,1,Blue,52128.jpg
38503,0,1,Blue,38503.jpg
3855,0,1,Red,3855.jpg
39845,0,1,Green,39845.jpg
38997,0,1,Blue,38997.jpg
3899,0,1,White,3899.jpg
37587,0,1,Green,37587.jpg
38504,0,1,Navy Blue,38504.jpg
3852,0,1,Pink,3852.jpg
24993,0,1,Navy Blue,24993.jpg
35444,0,1,Pink,35444.jpg
34106,0,1,White,34106.jpg
52126,0,1,Red,52126.jpg
2717,0,1,Blue,2717.jpg
2728,0,1,Pink,2728.jpg
2710,0,1,White,2710.jpg
3897,0,1,White,3897.jpg
8417,0,1,Yellow,8417.jpg
38337,0,1,Yellow,38337.jpg
18166,0,1,Magenta,18166.jpg
2744,0,1,Orange,2744.jpg
34155,0,1,Magenta,34155.jpg
38330,0,1,Yellow,38330.jpg
4216,0,1,Yellow,4216.jpg
41757,0,1,Yellow,41757.jpg
34152,0,1,Blue,34152.jpg
16805,0,1,Black,16805.jpg
18168,0,1,Pink,18168.jpg
43694,0,1,Navy Blue,43694.jpg
8419,0,1,Blue,8419.jpg
34164,0,1,Red,34164.jpg
41759,0,1,Navy Blue,41759.jpg
4218,0,1,Purple,4218.jpg
34163,0,1,White,34163.jpg
41302,0,1,Pink,41302.jpg
38930,0,1,Blue,38930.jpg
34011,0,1,White,34011.jpg
4193,0,1,Pink,4193.jpg
38287,0,1,Pink,38287.jpg
40993,0,1,Pink,40993.jpg
34016,0,1,Red,34016.jpg
5414,0,1,Purple,5414.jpg
38289,0,1,Pink,38289.jpg
5413,0,1,Pink,5413.jpg
39337,0,1,Pink,39337.jpg
46834,0,1,Blue,46834.jpg
8367,0,1,Pink,8367.jpg
37266,0,1,Navy Blue,37266.jpg
37602,0,1,Pink,37602.jpg
33256,0,1,Blue,33256.jpg
8358,0,1,Blue,8358.jpg
39330,0,1,White,39330.jpg
8360,0,1,Yellow,8360.jpg
43589,0,1,Pink,43589.jpg
38482,0,1,Yellow,38482.jpg
33267,0,1,Blue,33267.jpg
43574,0,1,White,43574.jpg
8369,0,1,Purple,8369.jpg
37633,0,1,Purple,37633.jpg
29167,0,1,Red,29167.jpg
37634,0,1,Pink,37634.jpg
43573,0,1,White,43573.jpg
31130,0,1,Pink,31130.jpg
38288,0,1,Green,38288.jpg
5415,0,1,Red,5415.jpg
36749,0,1,White,36749.jpg
26983,0,1,Black,26983.jpg
13258,0,1,Purple,13258.jpg
37202,0,1,Grey,37202.jpg
34017,0,1,Red,34017.jpg
40995,0,1,Pink,40995.jpg
34010,0,1,Black,34010.jpg
40992,0,1,Yellow,40992.jpg
38286,0,1,Blue,38286.jpg
29166,0,1,Navy Blue,29166.jpg
40932,0,1,Blue,40932.jpg
43586,0,1,Blue,43586.jpg
40935,0,1,White,40935.jpg
2699,0,1,Pink,2699.jpg
37632,0,1,Pink,37632.jpg
33266,0,1,Teal,33266.jpg
43575,0,1,White,43575.jpg
8368,0,1,Pink,8368.jpg
41010,0,1,Navy Blue,41010.jpg
43588,0,1,White,43588.jpg
39755,0,1,Pink,39755.jpg
8361,0,1,Green,8361.jpg
42001,0,1,Pink,42001.jpg
5441,0,1,Purple,5441.jpg
8366,0,1,Green,8366.jpg
46835,0,1,Blue,46835.jpg
33268,0,1,Green,33268.jpg
29150,0,1,Off White,29150.jpg
33257,0,1,Yellow,33257.jpg
8359,0,1,Pink,8359.jpg
2697,0,1,Blue,2697.jpg
37267,0,1,Red,37267.jpg
37603,0,1,Purple,37603.jpg
4729,1,1,Green,4729.jpg
8322,1,1,Blue,8322.jpg
34036,1,1,Blue,34036.jpg
8325,1,1,Yellow,8325.jpg
40947,1,1,Red,40947.jpg
34031,1,1,Blue,34031.jpg
40978,1,1,Red,40978.jpg
34038,1,1,Red,34038.jpg
40985,1,1,White,40985.jpg
31111,1,1,Black,31111.jpg
10054,1,1,Blue,10054.jpg
17615,1,1,White,17615.jpg
4727,1,1,Blue,4727.jpg
40982,1,1,White,40982.jpg
40949,1,1,White,40949.jpg
25516,1,1,Red,25516.jpg
31116,1,1,Grey,31116.jpg
15575,1,1,Yellow,15575.jpg
37625,1,1,White,37625.jpg
34054,1,1,Blue,34054.jpg
40922,1,1,Blue,40922.jpg
29176,1,1,Khaki,29176.jpg
8340,1,1,Black,8340.jpg
38494,1,1,Green,38494.jpg
34053,1,1,Yellow,34053.jpg
34261,1,1,Red,34261.jpg
15572,1,1,Orange,15572.jpg
37622,1,1,Red,37622.jpg
40126,1,1,White,40126.jpg
38493,1,1,Blue,38493.jpg
39317,1,1,White,39317.jpg
40925,1,1,Blue,40925.jpg
36199,1,1,Black,36199.jpg
34098,1,1,Multi,34098.jpg
30603,1,1,Maroon,30603.jpg
39745,1,1,Blue,39745.jpg
34096,1,1,Red,34096.jpg
39319,1,1,Beige,39319.jpg
8349,1,1,Green,8349.jpg
50715,1,1,White,50715.jpg
33278,1,1,Blue,33278.jpg
40983,1,1,White,40983.jpg
40977,1,1,Green,40977.jpg
17613,1,1,Red,17613.jpg
40948,1,1,White,40948.jpg
4721,1,1,Red,4721.jpg
34039,1,1,Red,34039.jpg
40984,1,1,White,40984.jpg
4726,1,1,White,4726.jpg
17614,1,1,Black,17614.jpg
31110,1,1,Grey,31110.jpg
8324,1,1,White,8324.jpg
40979,1,1,Yellow,40979.jpg
34030,1,1,Blue,34030.jpg
8323,1,1,White,8323.jpg
4728,1,1,Navy Blue,4728.jpg
34037,1,1,Blue,34037.jpg
37222,1,1,Navy Blue,37222.jpg
40142,1,1,Green,40142.jpg
39318,1,1,Red,39318.jpg
8348,1,1,Brown,8348.jpg
50714,1,1,White,50714.jpg
34097,1,1,Green,34097.jpg
40129,1,1,Navy Blue,40129.jpg
30602,1,1,Black,30602.jpg
50713,1,1,Yellow,50713.jpg
39320,1,1,Navy Blue,39320.jpg
33283,1,1,Black,33283.jpg
15573,1,1,White,15573.jpg
37623,1,1,Blue,37623.jpg
31144,1,1,Pink,31144.jpg
21580,1,1,Blue,21580.jpg
34260,1,1,Red,34260.jpg
34052,1,1,Yellow,34052.jpg
33277,1,1,Blue,33277.jpg
40924,1,1,Blue,40924.jpg
34099,1,1,White,34099.jpg
38492,1,1,Yellow,38492.jpg
39316,1,1,White,39316.jpg
34055,1,1,Blue,34055.jpg
31143,1,1,Green,31143.jpg
41234,1,1,Black,41234.jpg
15574,1,1,Purple,15574.jpg
37624,1,1,Navy Blue,37624.jpg
8341,1,1,Green,8341.jpg
29177,1,1,Blue,29177.jpg
40923,1,1,Blue,40923.jpg
38345,1,1,Off White,38345.jpg
41983,1,1,White,41983.jpg
41977,1,1,White,41977.jpg
33302,1,1,Red,33302.jpg
41970,1,1,Red,41970.jpg
41984,1,1,White,41984.jpg
37597,1,1,White,37597.jpg
46732,1,1,Khaki,46732.jpg
33305,1,1,Yellow,33305.jpg
38987,1,1,Green,38987.jpg
39855,1,1,Black,39855.jpg
32647,1,1,Blue,32647.jpg
48238,1,1,White,48238.jpg
2738,1,1,White,2738.jpg
12847,1,1,Black,12847.jpg
39863,1,1,Black,39863.jpg
41979,1,1,Grey,41979.jpg
35454,1,1,Blue,35454.jpg
12840,1,1,Brown,12840.jpg
38989,1,1,Yellow,38989.jpg
37599,1,1,Yellow,37599.jpg
33139,1,1,Grey,33139.jpg
38942,1,1,White,38942.jpg
35453,1,1,White,35453.jpg
39864,1,1,Red,39864.jpg
4201,1,1,Green,4201.jpg
3818,1,1,Green,3818.jpg
30723,1,1,Blue,30723.jpg
18176,1,1,Green,18176.jpg
24912,1,1,Yellow,24912.jpg
37539,1,1,White,37539.jpg
35438,1,1,Multi,35438.jpg
31098,1,1,Red,31098.jpg
35894,1,1,Green,35894.jpg
58460,1,1,White,58460.jpg
39837,1,1,Red,39837.jpg
41747,1,1,Green,41747.jpg
58458,1,1,Red,58458.jpg
4206,1,1,Red,4206.jpg
30724,1,1,White,30724.jpg
35893,1,1,White,35893.jpg
34189,1,1,White,34189.jpg
34174,1,1,Black,34174.jpg
31096,1,1,Green,31096.jpg
34180,1,1,Blue,34180.jpg
37537,1,1,Yellow,37537.jpg
39002,1,1,Black,39002.jpg
3816,1,1,Blue,3816.jpg
48253,1,1,White,48253.jpg
30715,1,1,Blue,30715.jpg
23130,1,1,Green,23130.jpg
34187,1,1,Pink,34187.jpg
31091,1,1,White,31091.jpg
34173,1,1,Yellow,34173.jpg
48254,1,1,Orange,48254.jpg
4208,1,1,Red,4208.jpg
3811,1,1,Red,3811.jpg
39839,1,1,Black,39839.jpg
38988,1,1,Red,38988.jpg
33138,1,1,White,33138.jpg
37598,1,1,Blue,37598.jpg
39865,1,1,Red,39865.jpg
35452,1,1,White,35452.jpg
38943,1,1,White,38943.jpg
12846,1,1,Grey,12846.jpg
24940,1,1,Black,24940.jpg
35455,1,1,Blue,35455.jpg
39862,1,1,Black,39862.jpg
41985,1,1,Yellow,41985.jpg
48239,1,1,Navy Blue,48239.jpg
32646,1,1,Green,32646.jpg
33304,1,1,Yellow,33304.jpg
37596,1,1,Navy Blue,37596.jpg
38986,1,1,Blue,38986.jpg
39854,1,1,White,39854.jpg
41982,1,1,White,41982.jpg
38344,1,1,Red,38344.jpg
39853,1,1,White,39853.jpg
33303,1,1,Red,33303.jpg
21858,1,1,Navy Blue,21858.jpg
34172,1,1,Yellow,34172.jpg
34186,1,1,Green,34186.jpg
23131,1,1,White,23131.jpg
30714,1,1,White,30714.jpg
37531,1,1,Yellow,37531.jpg
43682,1,1,Green,43682.jpg
31090,1,1,Black,31090.jpg
41748,1,1,Green,41748.jpg
39838,1,1,Black,39838.jpg
21833,1,1,Grey,21833.jpg
4209,1,1,Green,4209.jpg
3810,1,1,Blue,3810.jpg
31097,1,1,Blue,31097.jpg
43685,1,1,White,43685.jpg
34181,1,1,Blue,34181.jpg
34175,1,1,Black,34175.jpg
3817,1,1,Yellow,3817.jpg
48252,1,1,Yellow,48252.jpg
37199,1,1,Blue,37199.jpg
39003,1,1,White,39003.jpg
4207,1,1,Blue,4207.jpg
58459,1,1,Navy Blue,58459.jpg
34188,1,1,White,34188.jpg
18170,1,1,Green,18170.jpg
24914,1,1,Green,24914.jpg
35892,1,1,White,35892.jpg
4200,1,1,Blue,4200.jpg
30722,1,1,Maroon,30722.jpg
35895,1,1,Blue,35895.jpg
24913,1,1,Red,24913.jpg
37538,1,1,Blue,37538.jpg
31099,1,1,Blue,31099.jpg
35439,1,1,Black,35439.jpg
48241,1,1,Cream,48241.jpg
42582,1,1,White,42582.jpg
35888,1,1,Red,35888.jpg
37525,1,1,White,37525.jpg
43696,1,1,Yellow,43696.jpg
48246,1,1,White,48246.jpg
37522,1,1,White,37522.jpg
24909,1,1,Red,24909.jpg
43698,1,1,Yellow,43698.jpg
35886,1,1,White,35886.jpg
34168,1,1,Navy Blue,34168.jpg
37514,1,1,Yellow,37514.jpg
37342,1,1,Blue,37342.jpg
2746,1,1,Yellow,2746.jpg
41752,1,1,Yellow,41752.jpg
33140,1,1,Navy Blue,33140.jpg
35881,1,1,Blue,35881.jpg
35875,1,1,Blue,35875.jpg
24907,1,1,Navy Blue,24907.jpg
37345,1,1,Blue,37345.jpg
48248,1,1,Black,48248.jpg
37513,1,1,White,37513.jpg
34104,1,1,Black,34104.jpg
22637,1,1,Black,22637.jpg
38957,1,1,Blue,38957.jpg
37547,1,1,Yellow,37547.jpg
36208,1,1,Black,36208.jpg
15046,1,1,Red,15046.jpg
36002,1,1,Blue,36002.jpg
34103,1,1,Green,34103.jpg
36206,1,1,Black,36206.jpg
2724,1,1,White,2724.jpg
38992,1,1,Blue,38992.jpg
39840,1,1,Yellow,39840.jpg
38959,1,1,Navy Blue,38959.jpg
41991,1,1,Black,41991.jpg
41965,1,1,Black,41965.jpg
38995,1,1,Blue,38995.jpg
38961,1,1,Grey,38961.jpg
41962,1,1,Navy Blue,41962.jpg
21873,1,1,Green,21873.jpg
24906,1,1,Pink,24906.jpg
35874,1,1,Grey,35874.jpg
35880,1,1,White,35880.jpg
9952,1,1,Red,9952.jpg
37344,1,1,Red,37344.jpg
37512,1,1,Blue,37512.jpg
41754,1,1,White,41754.jpg
33146,1,1,Blue,33146.jpg
35887,1,1,Yellow,35887.jpg
35873,1,1,White,35873.jpg
33141,1,1,Green,33141.jpg
41753,1,1,Red,41753.jpg
37515,1,1,Blue,37515.jpg
37343,1,1,Black,37343.jpg
24937,1,1,Navy Blue,24937.jpg
48247,1,1,Blue,48247.jpg
43690,1,1,Red,43690.jpg
37523,1,1,Yellow,37523.jpg
24908,1,1,Yellow,24908.jpg
48240,1,1,Yellow,48240.jpg
37524,1,1,Blue,37524.jpg
43697,1,1,White,43697.jpg
42583,1,1,Navy Blue,42583.jpg
35889,1,1,Yellow,35889.jpg
38960,1,1,Grey,38960.jpg
36200,1,1,Red,36200.jpg
2722,1,1,Blue,2722.jpg
38994,1,1,Blue,38994.jpg
31446,1,1,Green,31446.jpg
38993,1,1,Blue,38993.jpg
22638,1,1,Grey,22638.jpg
38958,1,1,Navy Blue,38958.jpg
41990,1,1,Black,41990.jpg
36003,1,1,Green,36003.jpg
34102,1,1,Pink,34102.jpg
52122,1,1,White,52122.jpg
35440,1,1,Black,35440.jpg
21843,1,1,Green,21843.jpg
38956,1,1,Blue,38956.jpg
34105,1,1,Blue,34105.jpg
2714,1,1,Red,2714.jpg
13343,1,1,Black,13343.jpg
36004,1,1,Yellow,36004.jpg
36209,1,1,Grey,36209.jpg
31448,1,1,Blue,31448.jpg
34048,1,1,White,34048.jpg
39333,1,1,White,39333.jpg
31161,1,1,Navy Blue,31161.jpg
35999,1,1,Red,35999.jpg
33252,1,1,White,33252.jpg
36720,1,1,Black,36720.jpg
3324,1,1,Blue,3324.jpg
39334,1,1,White,39334.jpg
31159,1,1,Black,31159.jpg
39750,1,1,Beige,39750.jpg
36718,1,1,Yellow,36718.jpg
2695,1,1,White,2695.jpg
37601,1,1,White,37601.jpg
33255,1,1,Green,33255.jpg
31166,1,1,Blue,31166.jpg
35997,1,1,Black,35997.jpg
40133,1,1,Blue,40133.jpg
5486,1,1,Navy Blue,5486.jpg
31150,1,1,Navy Blue,31150.jpg
39759,1,1,Brown,39759.jpg
33263,1,1,White,33263.jpg
34046,1,1,White,34046.jpg
8355,1,1,Yellow,8355.jpg
33264,1,1,Beige,33264.jpg
36716,1,1,White,36716.jpg
34041,1,1,Red,34041.jpg
31157,1,1,Green,31157.jpg
41012,1,1,White,41012.jpg
50194,1,1,Black,50194.jpg
40134,1,1,Black,40134.jpg
31103,1,1,Black,31103.jpg
5421,1,1,White,5421.jpg
36326,1,1,Yellow,36326.jpg
40160,1,1,Navy Blue,40160.jpg
38248,1,1,Multi,38248.jpg
36319,1,1,Yellow,36319.jpg
38283,1,1,Green,38283.jpg
54907,1,1,Blue,54907.jpg
31104,1,1,Red,31104.jpg
8339,1,1,White,8339.jpg
5426,1,1,Black,5426.jpg
36321,1,1,Blue,36321.jpg
25504,1,1,Blue,25504.jpg
4190,1,1,Yellow,4190.jpg
5419,1,1,Black,5419.jpg
38284,1,1,Green,38284.jpg
40151,1,1,White,40151.jpg
34024,1,1,White,34024.jpg
36317,1,1,Yellow,36317.jpg
24873,1,1,White,24873.jpg
40952,1,1,Red,40952.jpg
38246,1,1,Green,38246.jpg
8330,1,1,White,8330.jpg
4199,1,1,Yellow,4199.jpg
38884,1,1,Red,38884.jpg
36310,1,1,Yellow,36310.jpg
34023,1,1,Green,34023.jpg
8337,1,1,Red,8337.jpg
40955,1,1,Red,40955.jpg
24874,1,1,Maroon,24874.jpg
17807,1,1,Rust,17807.jpg
8354,1,1,Brown,8354.jpg
38480,1,1,Red,38480.jpg
40135,1,1,White,40135.jpg
43582,1,1,White,43582.jpg
50195,1,1,Black,50195.jpg
36717,1,1,Yellow,36717.jpg
34040,1,1,Red,34040.jpg
31156,1,1,Blue,31156.jpg
35996,1,1,Yellow,35996.jpg
8353,1,1,White,8353.jpg
31151,1,1,Blue,31151.jpg
39758,1,1,Brown,39758.jpg
33262,1,1,White,33262.jpg
40132,1,1,Red,40132.jpg
31158,1,1,Yellow,31158.jpg
36719,1,1,Black,36719.jpg
36726,1,1,Black,36726.jpg
33254,1,1,Red,33254.jpg
2694,1,1,Red,2694.jpg
3322,1,1,Blue,3322.jpg
37600,1,1,Red,37600.jpg
39756,1,1,White,39756.jpg
34049,1,1,White,34049.jpg
39332,1,1,White,39332.jpg
46831,1,1,Pink,46831.jpg
2693,1,1,Yellow,2693.jpg
35998,1,1,White,35998.jpg
36721,1,1,Navy Blue,36721.jpg
33253,1,1,Yellow,33253.jpg
5214,1,1,White,5214.jpg
36311,1,1,Black,36311.jpg
34022,1,1,Green,34022.jpg
40954,1,1,Red,40954.jpg
8336,1,1,Red,8336.jpg
34025,1,1,White,34025.jpg
36316,1,1,White,36316.jpg
40150,1,1,Grey,40150.jpg
8331,1,1,White,8331.jpg
4198,1,1,Red,4198.jpg
38247,1,1,Blue,38247.jpg
40953,1,1,Yellow,40953.jpg
25505,1,1,White,25505.jpg
8338,1,1,White,8338.jpg
31105,1,1,Yellow,31105.jpg
5427,1,1,Red,5427.jpg
36320,1,1,Blue,36320.jpg
4191,1,1,Green,4191.jpg
38249,1,1,Red,38249.jpg
31102,1,1,Red,31102.jpg
5420,1,1,Blue,5420.jpg
34689,1,1,White,34689.jpg
38282,1,1,Red,38282.jpg
36318,1,1,Red,36318.jpg
34050,1,1,Maroon,34050.jpg
37621,1,1,Yellow,37621.jpg
15571,1,1,Olive,15571.jpg
40125,1,1,Black,40125.jpg
50718,1,1,Navy Blue,50718.jpg
38490,1,1,White,38490.jpg
40926,1,1,Blue,40926.jpg
15576,1,1,Olive,15576.jpg
34057,1,1,Blue,34057.jpg
38497,1,1,Yellow,38497.jpg
3332,1,1,Red,3332.jpg
4325,1,1,Blue,4325.jpg
40928,1,1,Blue,40928.jpg
5455,1,1,Green,5455.jpg
31148,1,1,White,31148.jpg
30600,1,1,Black,30600.jpg
34059,1,1,Grey,34059.jpg
8326,1,1,Green,8326.jpg
41298,1,1,White,41298.jpg
34032,1,1,Green,34032.jpg
8319,1,1,Red,8319.jpg
4188,1,1,Blue,4188.jpg
8321,1,1,Blue,8321.jpg
37220,1,1,White,37220.jpg
40140,1,1,Red,40140.jpg
40988,1,1,Blue,40988.jpg
34035,1,1,Navy Blue,34035.jpg
40975,1,1,Green,40975.jpg
31115,1,1,Blue,31115.jpg
8328,1,1,Blue,8328.jpg
40986,1,1,White,40986.jpg
5430,1,1,Green,5430.jpg
31112,1,1,Yellow,31112.jpg
34058,1,1,Navy Blue,34058.jpg
50717,1,1,White,50717.jpg
34060,1,1,Grey,34060.jpg
40929,1,1,Blue,40929.jpg
31149,1,1,Red,31149.jpg
34056,1,1,Blue,34056.jpg
39749,1,1,Beige,39749.jpg
15577,1,1,Blue,15577.jpg
38496,1,1,White,38496.jpg
37620,1,1,Green,37620.jpg
15570,1,1,White,15570.jpg
40124,1,1,Blue,40124.jpg
31147,1,1,Blue,31147.jpg
34051,1,1,Maroon,34051.jpg
40927,1,1,Blue,40927.jpg
38491,1,1,White,38491.jpg
39315,1,1,Yellow,39315.jpg
40987,1,1,Blue,40987.jpg
4725,1,1,Yellow,4725.jpg
5431,1,1,Pink,5431.jpg
31113,1,1,Navy Blue,31113.jpg
40980,1,1,Yellow,40980.jpg
40974,1,1,Green,40974.jpg
31114,1,1,Blue,31114.jpg
4189,1,1,Red,4189.jpg
8320,1,1,Red,8320.jpg
34034,1,1,Navy Blue,34034.jpg
40141,1,1,Blue,40141.jpg
37221,1,1,Olive,37221.jpg
8327,1,1,Green,8327.jpg
34033,1,1,Green,34033.jpg
39834,1,1,Yellow,39834.jpg
4205,1,1,Red,4205.jpg
48259,1,1,Black,48259.jpg
35890,1,1,Navy Blue,35890.jpg
30718,1,1,Red,30718.jpg
21838,1,1,Yellow,21838.jpg
4202,1,1,Navy Blue,4202.jpg
30720,1,1,Blue,30720.jpg
24911,1,1,Grey,24911.jpg
43689,1,1,Red,43689.jpg
18181,1,1,Blue,18181.jpg
34179,1,1,Navy Blue,34179.jpg
23133,1,1,Grey,23133.jpg
34184,1,1,Yellow,34184.jpg
30716,1,1,Blue,30716.jpg
37533,1,1,Yellow,37533.jpg
31092,1,1,Maroon,31092.jpg
42594,1,1,Blue,42594.jpg
34170,1,1,Blue,34170.jpg
48257,1,1,Red,48257.jpg
54896,1,1,Olive,54896.jpg
34177,1,1,White,34177.jpg
4465,1,1,Red,4465.jpg
35435,1,1,Blue,35435.jpg
37534,1,1,Blue,37534.jpg
34183,1,1,Green,34183.jpg
23134,1,1,Navy Blue,23134.jpg
39001,1,1,Red,39001.jpg
3815,1,1,Orange,3815.jpg
48250,1,1,Red,48250.jpg
41987,1,1,Blue,41987.jpg
33306,1,1,Grey,33306.jpg
37594,1,1,Green,37594.jpg
46731,1,1,Red,46731.jpg
39856,1,1,Black,39856.jpg
38984,1,1,Red,38984.jpg
35461,1,1,Green,35461.jpg
41980,1,1,White,41980.jpg
38346,1,1,Blue,38346.jpg
35459,1,1,Pink,35459.jpg
22628,1,1,Grey,22628.jpg
37593,1,1,Yellow,37593.jpg
39858,1,1,Yellow,39858.jpg
33308,1,1,Black,33308.jpg
38941,1,1,Blue,38941.jpg
41989,1,1,Blue,41989.jpg
52132,1,1,White,52132.jpg
12844,1,1,Multi,12844.jpg
39860,1,1,Green,39860.jpg
35457,1,1,Grey,35457.jpg
43686,1,1,White,43686.jpg
4464,1,1,Red,4464.jpg
31094,1,1,Red,31094.jpg
23135,1,1,Green,23135.jpg
34182,1,1,Green,34182.jpg
34176,1,1,White,34176.jpg
3814,1,1,Blue,3814.jpg
48251,1,1,Off White,48251.jpg
42595,1,1,Grey,42595.jpg
34171,1,1,Blue,34171.jpg
30717,1,1,Green,30717.jpg
37532,1,1,Blue,37532.jpg
34185,1,1,Black,34185.jpg
31093,1,1,White,31093.jpg
48256,1,1,Navy Blue,48256.jpg
3813,1,1,Yellow,3813.jpg
25035,1,1,Blue,25035.jpg
34147,1,1,Blue,34147.jpg
4203,1,1,Blue,4203.jpg
30721,1,1,Green,30721.jpg
35896,1,1,White,35896.jpg
34178,1,1,Navy Blue,34178.jpg
18180,1,1,Blue,18180.jpg
24910,1,1,Navy Blue,24910.jpg
4204,1,1,White,4204.jpg
37167,1,1,Grey,37167.jpg
48258,1,1,Black,48258.jpg
13306,1,1,Black,13306.jpg
41745,1,1,White,41745.jpg
35891,1,1,Yellow,35891.jpg
12845,1,1,Maroon,12845.jpg
35456,1,1,Grey,35456.jpg
39861,1,1,Green,39861.jpg
39859,1,1,Yellow,39859.jpg
33309,1,1,Black,33309.jpg
38940,1,1,Blue,38940.jpg
41988,1,1,Blue,41988.jpg
38347,1,1,White,38347.jpg
35458,1,1,Pink,35458.jpg
41981,1,1,White,41981.jpg
41986,1,1,Navy Blue,41986.jpg
35460,1,1,Green,35460.jpg
37595,1,1,Blue,37595.jpg
33307,1,1,Grey,33307.jpg
36211,1,1,Blue,36211.jpg
39857,1,1,Yellow,39857.jpg
38985,1,1,Red,38985.jpg
37543,1,1,Yellow,37543.jpg
38953,1,1,Navy Blue,38953.jpg
15045,1,1,Black,15045.jpg
36001,1,1,Orange,36001.jpg
34100,1,1,Blue,34100.jpg
52120,1,1,White,52120.jpg
52127,1,1,Yellow,52127.jpg
41968,1,1,White,41968.jpg
38954,1,1,Green,38954.jpg
37544,1,1,Blue,37544.jpg
41957,1,1,Grey,41957.jpg
36202,1,1,White,36202.jpg
2720,1,1,Blue,2720.jpg
39844,1,1,Navy Blue,39844.jpg
38996,1,1,Blue,38996.jpg
41961,1,1,Navy Blue,41961.jpg
21848,1,1,White,21848.jpg
41959,1,1,Green,41959.jpg
39843,1,1,Navy Blue,39843.jpg
38991,1,1,White,38991.jpg
36205,1,1,White,36205.jpg
2727,1,1,Yellow,2727.jpg
41992,1,1,Black,41992.jpg
41966,1,1,Black,41966.jpg
24995,1,1,Blue,24995.jpg
52129,1,1,White,52129.jpg
4219,1,1,Orange,4219.jpg
48245,1,1,Black,48245.jpg
43692,1,1,White,43692.jpg
37521,1,1,Blue,37521.jpg
35878,1,1,Purple,35878.jpg
41303,1,1,Navy Blue,41303.jpg
48242,1,1,Grey Melange,48242.jpg
42778,1,1,Green,42778.jpg
3807,1,1,Red,3807.jpg
41304,1,1,White,41304.jpg
34191,1,1,Red,34191.jpg
37526,1,1,Yellow,37526.jpg
38936,1,1,Blue,38936.jpg
43695,1,1,Yellow,43695.jpg
35882,1,1,Red,35882.jpg
35876,1,1,Orange,35876.jpg
33144,1,1,Blue,33144.jpg
38938,1,1,Blue,38938.jpg
37528,1,1,White,37528.jpg
35885,1,1,White,35885.jpg
3809,1,1,Red,3809.jpg
4210,1,1,Blue,4210.jpg
37341,1,1,Orange,37341.jpg
37173,1,1,Red,37173.jpg
37187,1,1,White,37187.jpg
33143,1,1,Navy Blue,33143.jpg
41751,1,1,Yellow,41751.jpg
41958,1,1,Grey,41958.jpg
41967,1,1,White,41967.jpg
2719,1,1,Blue,2719.jpg
41993,1,1,Black,41993.jpg
36203,1,1,Beige,36203.jpg
41994,1,1,White,41994.jpg
41960,1,1,Red,41960.jpg
38955,1,1,Green,38955.jpg
37545,1,1,Yellow,37545.jpg
41969,1,1,Red,41969.jpg
36000,1,1,Navy Blue,36000.jpg
52121,1,1,Navy Blue,52121.jpg
34101,1,1,Grey,34101.jpg
15044,1,1,Yellow,15044.jpg
38952,1,1,Navy Blue,38952.jpg
38999,1,1,White,38999.jpg
35884,1,1,Blue,35884.jpg
38939,1,1,Blue,38939.jpg
37529,1,1,Yellow,37529.jpg
23129,1,1,Yellow,23129.jpg
41750,1,1,Green,41750.jpg
33142,1,1,Blue,33142.jpg
4211,1,1,Blue,4211.jpg
37516,1,1,White,37516.jpg
37172,1,1,Black,37172.jpg
35877,1,1,Yellow,35877.jpg
37378,1,1,Blue,37378.jpg
35883,1,1,Yellow,35883.jpg
37511,1,1,Yellow,37511.jpg
33145,1,1,Blue,33145.jpg
48243,1,1,Black,48243.jpg
3806,1,1,Green,3806.jpg
37188,1,1,Red,37188.jpg
37527,1,1,Blue,37527.jpg
34190,1,1,Red,34190.jpg
38937,1,1,Blue,38937.jpg
41305,1,1,Red,41305.jpg
38765,1,1,Green,38765.jpg
48244,1,1,Red,48244.jpg
43693,1,1,White,43693.jpg
35879,1,1,Yellow,35879.jpg
37520,1,1,Yellow,37520.jpg
40958,1,1,White,40958.jpg
31107,1,1,Green,31107.jpg
36322,1,1,White,36322.jpg
5425,1,1,Maroon,5425.jpg
36746,1,1,White,36746.jpg
31100,1,1,Navy Blue,31100.jpg
36325,1,1,White,36325.jpg
5422,1,1,Grey,5422.jpg
34029,1,1,Black,34029.jpg
40960,1,1,White,40960.jpg
36313,1,1,Yellow,36313.jpg
34020,1,1,Orange,34020.jpg
34682,1,1,White,34682.jpg
40155,1,1,White,40155.jpg
36748,1,1,Blue,36748.jpg
8334,1,1,Green,8334.jpg
31109,1,1,Orange,31109.jpg
40956,1,1,Red,40956.jpg
54932,1,1,Blue,54932.jpg
40152,1,1,Red,40152.jpg
34027,1,1,White,34027.jpg
36314,1,1,White,36314.jpg
40951,1,1,Black,40951.jpg
8333,1,1,White,8333.jpg
34018,1,1,Black,34018.jpg
40139,1,1,Navy Blue,40139.jpg
10649,1,1,White,10649.jpg
39753,1,1,Khaki,39753.jpg
22586,1,1,Blue,22586.jpg
38478,1,1,Red,38478.jpg
36724,1,1,Red,36724.jpg
49843,1,1,Khaki,49843.jpg
5447,1,1,Black,5447.jpg
39754,1,1,Red,39754.jpg
46833,1,1,Black,46833.jpg
36723,1,1,Yellow,36723.jpg
5216,1,1,Green,5216.jpg
54959,1,1,Blue,54959.jpg
30612,1,1,Red,30612.jpg
10671,1,1,Green,10671.jpg
2691,1,1,Blue,2691.jpg
8356,1,1,Black,8356.jpg
40934,1,1,White,40934.jpg
34042,1,1,Red,34042.jpg
41011,1,1,White,41011.jpg
31154,1,1,White,31154.jpg
40137,1,1,Grey,40137.jpg
40933,1,1,Blue,40933.jpg
54957,1,1,Yellow,54957.jpg
8351,1,1,Grey,8351.jpg
43587,1,1,Navy Blue,43587.jpg
40130,1,1,White,40130.jpg
31153,1,1,Black,31153.jpg
33260,1,1,White,33260.jpg
34045,1,1,Black,34045.jpg
34026,1,1,White,34026.jpg
5412,1,1,Black,5412.jpg
36315,1,1,Red,36315.jpg
40153,1,1,Black,40153.jpg
8332,1,1,White,8332.jpg
34019,1,1,Black,34019.jpg
40950,1,1,Black,40950.jpg
34683,1,1,Red,34683.jpg
40154,1,1,Green,40154.jpg
36312,1,1,Navy Blue,36312.jpg
34021,1,1,Orange,34021.jpg
40957,1,1,Blue,40957.jpg
54933,1,1,Beige,54933.jpg
31108,1,1,White,31108.jpg
8335,1,1,Green,8335.jpg
40162,1,1,Yellow,40162.jpg
31101,1,1,Black,31101.jpg
36324,1,1,White,36324.jpg
5423,1,1,Blue,5423.jpg
34028,1,1,Black,34028.jpg
31106,1,1,White,31106.jpg
36323,1,1,Green,36323.jpg
5424,1,1,White,5424.jpg
4192,1,1,Green,4192.jpg
36747,1,1,White,36747.jpg
4730,1,1,Blue,4730.jpg
35995,1,1,Purple,35995.jpg
8350,1,1,White,8350.jpg
31152,1,1,Yellow,31152.jpg
34044,1,1,Black,34044.jpg
40131,1,1,White,40131.jpg
8357,1,1,Green,8357.jpg
33259,1,1,Blue,33259.jpg
43581,1,1,White,43581.jpg
40136,1,1,White,40136.jpg
34043,1,1,Red,34043.jpg
31155,1,1,Navy Blue,31155.jpg
29157,1,1,Pink,29157.jpg
39331,1,1,White,39331.jpg
54958,1,1,Green,54958.jpg
36722,1,1,Red,36722.jpg
39336,1,1,Blue,39336.jpg
39752,1,1,Khaki,39752.jpg
40138,1,1,Yellow,40138.jpg
36725,1,1,Green,36725.jpg
31164,1,1,Blue,31164.jpg
22587,1,1,Purple,22587.jpg
38479,1,1,Green,38479.jpg
9204,1,0,Black,9204.jpg
18653,1,0,Black,18653.jpg
12967,1,0,Black,12967.jpg
9036,1,0,Black,9036.jpg
39988,1,0,White,39988.jpg
3168,1,0,White,3168.jpg
10268,1,0,Black,10268.jpg
59435,1,0,Black,59435.jpg
22198,1,0,Black,22198.jpg
29570,1,0,Purple,29570.jpg
6628,1,0,White,6628.jpg
26538,1,0,Red,26538.jpg
49495,1,0,Khaki,49495.jpg
19123,1,0,Silver,19123.jpg
43369,1,0,Black,43369.jpg
33822,1,0,White,33822.jpg
11940,1,0,Black,11940.jpg
19311,1,0,White,19311.jpg
42089,1,0,White,42089.jpg
49461,1,0,Blue,49461.jpg
23882,1,0,Grey,23882.jpg
34835,1,0,Blue,34835.jpg
33648,1,0,Brown,33648.jpg
18495,1,0,White,18495.jpg
41866,1,0,Beige,41866.jpg
44528,1,0,Black,44528.jpg
42042,1,0,White,42042.jpg
23849,1,0,Black,23849.jpg
24250,1,0,White,24250.jpg
15517,1,0,Red,15517.jpg
23247,1,0,Black,23247.jpg
10633,1,0,Brown,10633.jpg
17416,1,0,Black,17416.jpg
12958,1,0,Black,12958.jpg
30234,1,0,Black,30234.jpg
35574,1,0,Red,35574.jpg
54543,1,0,White,54543.jpg
32751,1,0,Black,32751.jpg
45603,1,0,Black,45603.jpg
4524,1,0,Black,4524.jpg
41859,1,0,Black,41859.jpg
21180,1,0,Black,21180.jpg
39943,1,0,Brown,39943.jpg
44517,1,0,Brown,44517.jpg
8913,1,0,White,8913.jpg
22705,1,0,White,22705.jpg
22537,1,0,Tan,22537.jpg
7731,1,0,Grey,7731.jpg
22153,1,0,Brown,22153.jpg
43958,1,0,Olive,43958.jpg
16154,1,0,Black,16154.jpg
22361,1,0,Navy Blue,22361.jpg
50741,1,0,Black,50741.jpg
18492,1,0,Blue,18492.jpg
20856,1,0,Black,20856.jpg
41861,1,0,Black,41861.jpg
5608,1,0,Black,5608.jpg
47198,1,0,Brown,47198.jpg
19772,1,0,Blue,19772.jpg
11947,1,0,Olive,11947.jpg
34832,1,0,White,34832.jpg
23885,1,0,Grey,23885.jpg
41439,1,0,Black,41439.jpg
5896,1,0,Black,5896.jpg
49492,1,0,Maroon,49492.jpg
12960,1,0,White,12960.jpg
9031,1,0,Tan,9031.jpg
15379,1,0,Black,15379.jpg
7399,1,0,Black,7399.jpg
9203,1,0,Black,9203.jpg
44948,1,0,Black,44948.jpg
19927,1,0,Grey,19927.jpg
3998,1,0,Black,3998.jpg
16153,1,0,Black,16153.jpg
50746,1,0,Black,50746.jpg
22154,1,0,Black,22154.jpg
19329,1,0,Brown,19329.jpg
11978,1,0,Navy Blue,11978.jpg
35587,1,0,Brown,35587.jpg
5405,1,0,White,5405.jpg
20869,1,0,Brown,20869.jpg
39944,1,0,Grey,39944.jpg
21187,1,0,Yellow,21187.jpg
36130,1,0,Grey,36130.jpg
8914,1,0,White,8914.jpg
46081,1,0,Navy Blue,46081.jpg
35573,1,0,Blue,35573.jpg
54544,1,0,Black,54544.jpg
4523,1,0,Blue,4523.jpg
45604,1,0,Brown,45604.jpg
10634,1,0,Black,10634.jpg
17411,1,0,White,17411.jpg
30233,1,0,White,30233.jpg
15722,1,0,Grey,15722.jpg
12507,1,0,Black,12507.jpg
3150,1,0,Black,3150.jpg
42045,1,0,Yellow,42045.jpg
24257,1,0,Navy Blue,24257.jpg
15510,1,0,Charcoal,15510.jpg
11971,1,0,White,11971.jpg
44941,1,0,Black,44941.jpg
24098,1,0,Black,24098.jpg
28655,1,0,White,28655.jpg
9497,1,0,Black,9497.jpg
16966,1,0,Black,16966.jpg
41857,1,0,Olive,41857.jpg
36139,1,0,Black,36139.jpg
24408,1,0,Black,24408.jpg
20894,1,0,Red,20894.jpg
40971,1,0,Brown,40971.jpg
12956,1,0,Blue,12956.jpg
6619,1,0,White,6619.jpg
23847,1,0,White,23847.jpg
11985,1,0,Black,11985.jpg
15519,1,0,Brown,15519.jpg
23249,1,0,Black,23249.jpg
17840,1,0,Red,17840.jpg
3159,1,0,White,3159.jpg
33646,1,0,Black,33646.jpg
44714,1,0,Maroon,44714.jpg
16733,1,0,Black,16733.jpg
7364,1,0,Brown,7364.jpg
47191,1,0,Black,47191.jpg
13073,1,0,White,13073.jpg
5601,1,0,Brown,5601.jpg
39972,1,0,Grey,39972.jpg
15384,1,0,Black,15384.jpg
41868,1,0,Turquoise Blue,41868.jpg
16165,1,0,Tan,16165.jpg
22162,1,0,Black,22162.jpg
42087,1,0,White,42087.jpg
17043,1,0,Black,17043.jpg
6414,1,0,Grey,6414.jpg
26704,1,0,White,26704.jpg
10266,1,0,Brown,10266.jpg
15714,1,0,Black,15714.jpg
4343,1,0,Red,4343.jpg
5291,1,0,Black,5291.jpg
4171,1,0,White,4171.jpg
6626,1,0,Blue,6626.jpg
22196,1,0,Black,22196.jpg
26536,1,0,White,26536.jpg
4515,1,0,White,4515.jpg
7390,1,0,Brown,7390.jpg
12969,1,0,Blue,12969.jpg
35777,1,0,Black,35777.jpg
9038,1,0,Brown,9038.jpg
54740,1,0,Black,54740.jpg
32552,1,0,Black,32552.jpg
39986,1,0,Navy Blue,39986.jpg
17847,1,0,White,17847.jpg
12509,1,0,Brown,12509.jpg
23840,1,0,Brown,23840.jpg
24259,1,0,Navy Blue,24259.jpg
18665,1,0,White,18665.jpg
20893,1,0,Black,20893.jpg
9000,1,0,Brown,9000.jpg
35589,1,0,Olive,35589.jpg
57935,1,0,Black,57935.jpg
50748,1,0,Brown,50748.jpg
28652,1,0,Black,28652.jpg
3996,1,0,Black,3996.jpg
11976,1,0,Black,11976.jpg
13080,1,0,Black,13080.jpg
32555,1,0,White,32555.jpg
39981,1,0,Grey,39981.jpg
15377,1,0,Navy Blue,15377.jpg
7397,1,0,Black,7397.jpg
5898,1,0,Blue,5898.jpg
15521,1,0,Black,15521.jpg
6621,1,0,Black,6621.jpg
22191,1,0,Brown,22191.jpg
12704,1,0,Grey,12704.jpg
26531,1,0,Olive,26531.jpg
17044,1,0,Brown,17044.jpg
3161,1,0,White,3161.jpg
26703,1,0,White,26703.jpg
1636,1,0,White,1636.jpg
4344,1,0,White,4344.jpg
15713,1,0,Black,15713.jpg
5296,1,0,Black,5296.jpg
11949,1,0,Brown,11949.jpg
5050,1,0,Black,5050.jpg
22165,1,0,Brown,22165.jpg
49468,1,0,Red,49468.jpg
22959,1,0,White,22959.jpg
50777,1,0,Brown,50777.jpg
16162,1,0,Black,16162.jpg
43360,1,0,White,43360.jpg
41437,1,0,White,41437.jpg
10295,1,0,Brown,10295.jpg
22733,1,0,Grey,22733.jpg
13074,1,0,Brown,13074.jpg
5606,1,0,Black,5606.jpg
44521,1,0,Black,44521.jpg
39975,1,0,Olive,39975.jpg
33641,1,0,Black,33641.jpg
44713,1,0,Black,44713.jpg
7363,1,0,Black,7363.jpg
16734,1,0,Maroon,16734.jpg
47196,1,0,Brown,47196.jpg
54521,1,0,White,54521.jpg
37241,1,0,Black,37241.jpg
4546,1,0,Black,4546.jpg
3551,1,0,Brown,3551.jpg
30256,1,0,Black,30256.jpg
15747,1,0,White,15747.jpg
3307,1,0,Black,3307.jpg
42020,1,0,Brown,42020.jpg
6675,1,0,White,6675.jpg
40777,1,0,White,40777.jpg
32191,1,0,Blue,32191.jpg
57506,1,0,Brown,57506.jpg
8529,1,0,Navy Blue,8529.jpg
13676,1,0,Silver,13676.jpg
26591,1,0,Red,26591.jpg
22131,1,0,Black,22131.jpg
7753,1,0,Black,7753.jpg
40783,1,0,Black,40783.jpg
3797,1,0,Black,3797.jpg
44747,1,0,Black,44747.jpg
2477,1,0,Blue,2477.jpg
8971,1,0,Black,8971.jpg
14498,1,0,Black,14498.jpg
23814,1,0,Black,23814.jpg
19387,1,0,Beige,19387.jpg
9430,1,0,Black,9430.jpg
17813,1,0,Brown,17813.jpg
18403,1,0,Black,18403.jpg
5699,1,0,Black,5699.jpg
24669,1,0,Red,24669.jpg
20833,1,0,Black,20833.jpg
44778,1,0,Grey,44778.jpg
39310,1,0,Khaki,39310.jpg
11922,1,0,Black,11922.jpg
13649,1,0,Black,13649.jpg
34857,1,0,Black,34857.jpg
19141,1,0,Black,19141.jpg
28606,1,0,Black,28606.jpg
33840,1,0,Black,33840.jpg
39546,1,0,Yellow,39546.jpg
44572,1,0,Black,44572.jpg
8976,1,0,White,8976.jpg
3790,1,0,Black,3790.jpg
2642,1,0,Black,2642.jpg
13215,1,0,Grey,13215.jpg
7330,1,0,Black,7330.jpg
31979,1,0,Grey,31979.jpg
44740,1,0,White,44740.jpg
5467,1,0,Black,5467.jpg
41232,1,0,White,41232.jpg
26596,1,0,Black,26596.jpg
7754,1,0,Black,7754.jpg
22136,1,0,Black,22136.jpg
40784,1,0,Blue,40784.jpg
57501,1,0,Beige,57501.jpg
2828,1,0,Blue,2828.jpg
13685,1,0,Black,13685.jpg
26562,1,0,Brown,26562.jpg
3300,1,0,Black,3300.jpg
20695,1,0,Blue,20695.jpg
6440,1,0,Black,6440.jpg
7592,1,0,Blue,7592.jpg
24463,1,0,Brown,24463.jpg
32506,1,0,Brown,32506.jpg
3556,1,0,Brown,3556.jpg
6818,1,0,Red,6818.jpg
30251,1,0,Green,30251.jpg
8982,1,0,White,8982.jpg
54526,1,0,White,54526.jpg
35511,1,0,Black,35511.jpg
37246,1,0,Charcoal,37246.jpg
2817,1,0,Black,2817.jpg
33847,1,0,White,33847.jpg
2219,1,0,Black,2219.jpg
34850,1,0,White,34850.jpg
22109,1,0,White,22109.jpg
49060,1,0,Black,49060.jpg
31946,1,0,Grey,31946.jpg
54519,1,0,Navy Blue,54519.jpg
3569,1,0,Brown,3569.jpg
18404,1,0,Brown,18404.jpg
9053,1,0,Grey,9053.jpg
23679,1,0,Black,23679.jpg
17814,1,0,Black,17814.jpg
17028,1,0,Grey,17028.jpg
38655,1,0,White,38655.jpg
23813,1,0,Black,23813.jpg
27640,1,0,Grey,27640.jpg
28608,1,0,White,28608.jpg
41452,1,0,White,41452.jpg
3594,1,0,White,3594.jpg
34633,1,0,Black,34633.jpg
50376,1,0,Black,50376.jpg
39910,1,0,Blue,39910.jpg
44544,1,0,Black,44544.jpg
25573,1,0,White,25573.jpg
44776,1,0,Black,44776.jpg
58329,1,0,Red,58329.jpg
3560,1,0,White,3560.jpg
5697,1,0,Black,5697.jpg
4577,1,0,Red,4577.jpg
44782,1,0,White,44782.jpg
53735,1,0,Brown,53735.jpg
40322,1,0,White,40322.jpg
14496,1,0,Grey,14496.jpg
4113,1,0,White,4113.jpg
26554,1,0,Blue,26554.jpg
42011,1,0,Grey,42011.jpg
1653,1,0,Brown,1653.jpg
56411,1,0,Brown,56411.jpg
23489,1,0,Black,23489.jpg
31970,1,0,Black,31970.jpg
44749,1,0,Grey,44749.jpg
57950,1,0,Brown,57950.jpg
20802,1,0,White,20802.jpg
9091,1,0,Maroon,9091.jpg
5238,1,0,Brown,5238.jpg
57508,1,0,Brown,57508.jpg
8527,1,0,Black,8527.jpg
28637,1,0,Black,28637.jpg
2821,1,0,Brown,2821.jpg
11913,1,0,Black,11913.jpg
9401,1,0,Blue,9401.jpg
17822,1,0,Black,17822.jpg
3309,1,0,White,3309.jpg
23825,1,0,Brown,23825.jpg
38663,1,0,Black,38663.jpg
40779,1,0,Brown,40779.jpg
1806,1,0,Brown,1806.jpg
6811,1,0,Red,6811.jpg
30258,1,0,Brown,30258.jpg
17026,1,0,Blue,17026.jpg
1654,1,0,White,1654.jpg
14491,1,0,Black,14491.jpg
4114,1,0,Black,4114.jpg
42016,1,0,Silver,42016.jpg
26553,1,0,Blue,26553.jpg
44785,1,0,White,44785.jpg
40325,1,0,White,40325.jpg
54517,1,0,White,54517.jpg
30260,1,0,Black,30260.jpg
3567,1,0,Silver,3567.jpg
23677,1,0,Brown,23677.jpg
35712,1,0,Grey,35712.jpg
15315,1,0,Black,15315.jpg
5690,1,0,Black,5690.jpg
24452,1,0,White,24452.jpg
44771,1,0,Grey,44771.jpg
31948,1,0,Blue,31948.jpg
34634,1,0,Brown,34634.jpg
25574,1,0,Black,25574.jpg
33849,1,0,Blue,33849.jpg
57530,1,0,Black,57530.jpg
41455,1,0,Grey,41455.jpg
32508,1,0,Brown,32508.jpg
6816,1,0,Brown,6816.jpg
3558,1,0,Brown,3558.jpg
54528,1,0,White,54528.jpg
37248,1,0,Brown,37248.jpg
23822,1,0,Red,23822.jpg
38664,1,0,Grey,38664.jpg
24835,1,0,Brown,24835.jpg
49435,1,0,Blue,49435.jpg
26598,1,0,White,26598.jpg
34861,1,0,Grey,34861.jpg
22138,1,0,Black,22138.jpg
11914,1,0,Black,11914.jpg
39742,1,0,Red,39742.jpg
2826,1,0,Brown,2826.jpg
41832,1,0,Black,41832.jpg
20805,1,0,Olive,20805.jpg
5469,1,0,Black,5469.jpg
5638,1,0,Brown,5638.jpg
57934,1,0,Brown,57934.jpg
21188,1,0,Black,21188.jpg
35588,1,0,Black,35588.jpg
11977,1,0,Olive,11977.jpg
44947,1,0,White,44947.jpg
50749,1,0,Brown,50749.jpg
28653,1,0,Black,28653.jpg
19928,1,0,Yellow,19928.jpg
3997,1,0,Grey,3997.jpg
23841,1,0,White,23841.jpg
11983,1,0,Black,11983.jpg
24258,1,0,White,24258.jpg
17846,1,0,Black,17846.jpg
12508,1,0,Brown,12508.jpg
20892,1,0,Black,20892.jpg
9001,1,0,Grey,9001.jpg
29123,1,0,White,29123.jpg
50776,1,0,Brown,50776.jpg
16163,1,0,Tan,16163.jpg
41436,1,0,White,41436.jpg
10294,1,0,Brown,10294.jpg
4183,1,0,Brown,4183.jpg
11948,1,0,Black,11948.jpg
22958,1,0,White,22958.jpg
49469,1,0,Maroon,49469.jpg
22164,1,0,Brown,22164.jpg
44712,1,0,Black,44712.jpg
16735,1,0,Black,16735.jpg
47197,1,0,Black,47197.jpg
13075,1,0,Black,13075.jpg
22732,1,0,Olive,22732.jpg
44520,1,0,Khaki,44520.jpg
39974,1,0,Brown,39974.jpg
15382,1,0,Navy Blue,15382.jpg
7396,1,0,Grey,7396.jpg
3504,1,0,Brown,3504.jpg
13081,1,0,White,13081.jpg
15376,1,0,White,15376.jpg
39980,1,0,Brown,39980.jpg
32554,1,0,Black,32554.jpg
3160,1,0,White,3160.jpg
17045,1,0,Brown,17045.jpg
4345,1,0,White,4345.jpg
1637,1,0,White,1637.jpg
15520,1,0,Black,15520.jpg
5899,1,0,Black,5899.jpg
12705,1,0,White,12705.jpg
26530,1,0,Purple,26530.jpg
6620,1,0,White,6620.jpg
22190,1,0,Brown,22190.jpg
29124,1,0,Black,29124.jpg
40970,1,0,Red,40970.jpg
20895,1,0,Orange,20895.jpg
12957,1,0,Grey,12957.jpg
45866,1,0,Black,45866.jpg
23248,1,0,Brown,23248.jpg
23846,1,0,White,23846.jpg
15518,1,0,Grey,15518.jpg
44940,1,0,Brown,44940.jpg
24099,1,0,Black,24099.jpg
43359,1,0,Grey,43359.jpg
39342,1,0,Black,39342.jpg
44518,1,0,Black,44518.jpg
36138,1,0,White,36138.jpg
24260,1,0,White,24260.jpg
26537,1,0,Blue,26537.jpg
6627,1,0,Black,6627.jpg
22197,1,0,Brown,22197.jpg
17042,1,0,Grey,17042.jpg
4342,1,0,Black,4342.jpg
5290,1,0,Black,5290.jpg
10267,1,0,Black,10267.jpg
3503,1,0,Navy Blue,3503.jpg
9039,1,0,Black,9039.jpg
12968,1,0,White,12968.jpg
39987,1,0,Blue,39987.jpg
32553,1,0,Brown,32553.jpg
4514,1,0,White,4514.jpg
7391,1,0,Black,7391.jpg
13072,1,0,Black,13072.jpg
5600,1,0,Blue,5600.jpg
15385,1,0,Blue,15385.jpg
39973,1,0,Brown,39973.jpg
41869,1,0,Yellow,41869.jpg
44715,1,0,Blue,44715.jpg
33647,1,0,Black,33647.jpg
7365,1,0,Black,7365.jpg
16732,1,0,Brown,16732.jpg
47190,1,0,Brown,47190.jpg
4184,1,0,Brown,4184.jpg
42086,1,0,White,42086.jpg
22163,1,0,Navy Blue,22163.jpg
16164,1,0,Brown,16164.jpg
10293,1,0,Brown,10293.jpg
4179,1,0,Black,4179.jpg
49493,1,0,Green,49493.jpg
29576,1,0,White,29576.jpg
9202,1,0,Red,9202.jpg
18655,1,0,Black,18655.jpg
7398,1,0,Brown,7398.jpg
9030,1,0,Brown,9030.jpg
12961,1,0,Brown,12961.jpg
15378,1,0,Grey,15378.jpg
47199,1,0,Brown,47199.jpg
18493,1,0,Multi,18493.jpg
5609,1,0,Navy Blue,5609.jpg
28662,1,0,Black,28662.jpg
50778,1,0,Navy Blue,50778.jpg
41438,1,0,White,41438.jpg
11946,1,0,Brown,11946.jpg
23884,1,0,White,23884.jpg
10635,1,0,Black,10635.jpg
17410,1,0,White,17410.jpg
46080,1,0,Blue,46080.jpg
4522,1,0,Grey,4522.jpg
45605,1,0,Black,45605.jpg
32757,1,0,Multi,32757.jpg
33685,1,0,Black,33685.jpg
42044,1,0,Grey,42044.jpg
24256,1,0,Green,24256.jpg
42276,1,0,Navy Blue,42276.jpg
3151,1,0,Blue,3151.jpg
12506,1,0,Brown,12506.jpg
6423,1,0,Black,6423.jpg
11979,1,0,Black,11979.jpg
10097,1,0,White,10097.jpg
43350,1,0,Black,43350.jpg
16152,1,0,Brown,16152.jpg
50747,1,0,Mushroom Brown,50747.jpg
36131,1,0,Maroon,36131.jpg
39945,1,0,Brown,39945.jpg
21186,1,0,Blue,21186.jpg
44511,1,0,Black,44511.jpg
20868,1,0,White,20868.jpg
22703,1,0,Grey,22703.jpg
35586,1,0,Brown,35586.jpg
5404,1,0,White,5404.jpg
11941,1,0,Tan,11941.jpg
42088,1,0,Brown,42088.jpg
19310,1,0,White,19310.jpg
19122,1,0,White,19122.jpg
43368,1,0,Blue,43368.jpg
18494,1,0,White,18494.jpg
41867,1,0,Red,41867.jpg
44529,1,0,Black,44529.jpg
33649,1,0,Black,33649.jpg
9037,1,0,Black,9037.jpg
12966,1,0,Grey,12966.jpg
39989,1,0,Blue,39989.jpg
9205,1,0,Black,9205.jpg
49494,1,0,Navy Blue,49494.jpg
26539,1,0,White,26539.jpg
23877,1,0,White,23877.jpg
29571,1,0,Navy Blue,29571.jpg
22199,1,0,Black,22199.jpg
6629,1,0,White,6629.jpg
22536,1,0,Green,22536.jpg
41858,1,0,Brown,41858.jpg
21181,1,0,Yellow,21181.jpg
39942,1,0,Navy Blue,39942.jpg
44516,1,0,Black,44516.jpg
8912,1,0,White,8912.jpg
22704,1,0,White,22704.jpg
16969,1,0,Black,16969.jpg
43357,1,0,Black,43357.jpg
16155,1,0,Brown,16155.jpg
50740,1,0,Black,50740.jpg
22152,1,0,Olive,22152.jpg
7730,1,0,Black,7730.jpg
43959,1,0,Grey,43959.jpg
15724,1,0,Grey,15724.jpg
23246,1,0,Black,23246.jpg
6424,1,0,Navy Blue,6424.jpg
42043,1,0,Black,42043.jpg
23848,1,0,White,23848.jpg
4141,1,0,White,4141.jpg
15516,1,0,Navy Blue,15516.jpg
24251,1,0,Black,24251.jpg
54542,1,0,White,54542.jpg
35575,1,0,Green,35575.jpg
45602,1,0,Brown,45602.jpg
4525,1,0,White,4525.jpg
21175,1,0,White,21175.jpg
10632,1,0,Brown,10632.jpg
30235,1,0,Brown,30235.jpg
12959,1,0,Black,12959.jpg
34635,1,0,Black,34635.jpg
23682,1,0,Black,23682.jpg
46215,1,0,Orange,46215.jpg
3592,1,0,Blue,3592.jpg
25575,1,0,White,25575.jpg
5665,1,0,Grey,5665.jpg
24695,1,0,Black,24695.jpg
44770,1,0,Black,44770.jpg
31949,1,0,White,31949.jpg
57531,1,0,Mushroom Brown,57531.jpg
41454,1,0,White,41454.jpg
33848,1,0,Brown,33848.jpg
14490,1,0,Grey,14490.jpg
6642,1,0,White,6642.jpg
26552,1,0,Black,26552.jpg
42017,1,0,White,42017.jpg
6470,1,0,Brown,6470.jpg
17027,1,0,Navy Blue,17027.jpg
23676,1,0,Black,23676.jpg
35713,1,0,Red,35713.jpg
30261,1,0,Brown,30261.jpg
3566,1,0,White,3566.jpg
24453,1,0,Blue,24453.jpg
15314,1,0,White,15314.jpg
5691,1,0,White,5691.jpg
44784,1,0,White,44784.jpg
35521,1,0,Blue,35521.jpg
54516,1,0,White,54516.jpg
2827,1,0,Black,2827.jpg
22139,1,0,Black,22139.jpg
26599,1,0,Blue,26599.jpg
34860,1,0,Black,34860.jpg
11915,1,0,Brown,11915.jpg
5468,1,0,White,5468.jpg
20804,1,0,White,20804.jpg
41833,1,0,Blue,41833.jpg
8979,1,0,Black,8979.jpg
54529,1,0,Black,54529.jpg
37249,1,0,Brown,37249.jpg
32509,1,0,Black,32509.jpg
6817,1,0,Blue,6817.jpg
3559,1,0,Brown,3559.jpg
32951,1,0,Brown,32951.jpg
9407,1,0,White,9407.jpg
23823,1,0,Blue,23823.jpg
38665,1,0,Black,38665.jpg
40323,1,0,White,40323.jpg
24666,1,0,Black,24666.jpg
4576,1,0,Grey,4576.jpg
53734,1,0,Grey,53734.jpg
44783,1,0,White,44783.jpg
3561,1,0,Black,3561.jpg
24454,1,0,White,24454.jpg
15313,1,0,White,15313.jpg
5696,1,0,Brown,5696.jpg
56410,1,0,Brown,56410.jpg
10037,1,0,Silver,10037.jpg
14497,1,0,Green,14497.jpg
4112,1,0,Green,4112.jpg
7797,1,0,Black,7797.jpg
34090,1,0,Navy Blue,34090.jpg
42010,1,0,Brown,42010.jpg
26555,1,0,Black,26555.jpg
6483,1,0,Black,6483.jpg
41453,1,0,White,41453.jpg
22101,1,0,Grey,22101.jpg
13646,1,0,Beige,13646.jpg
34858,1,0,Grey,34858.jpg
2211,1,0,Navy Blue,2211.jpg
58328,1,0,Blue,58328.jpg
44777,1,0,Grey,44777.jpg
50377,1,0,Brown,50377.jpg
34632,1,0,Grey,34632.jpg
3595,1,0,Red,3595.jpg
25572,1,0,Silver,25572.jpg
44545,1,0,Brown,44545.jpg
3308,1,0,White,3308.jpg
23824,1,0,Black,23824.jpg
38662,1,0,Blue,38662.jpg
40778,1,0,Black,40778.jpg
6448,1,0,Brown,6448.jpg
17823,1,0,White,17823.jpg
9400,1,0,Black,9400.jpg
30259,1,0,Navy Blue,30259.jpg
6810,1,0,Brown,6810.jpg
31985,1,0,Khaki,31985.jpg
18601,1,0,Black,18601.jpg
4549,1,0,White,4549.jpg
41834,1,0,Black,41834.jpg
9090,1,0,Black,9090.jpg
31971,1,0,Navy Blue,31971.jpg
3798,1,0,Navy Blue,3798.jpg
44748,1,0,White,44748.jpg
13679,1,0,White,13679.jpg
11912,1,0,Maroon,11912.jpg
57509,1,0,Black,57509.jpg
5239,1,0,White,5239.jpg
28636,1,0,Black,28636.jpg
2820,1,0,Black,2820.jpg
15741,1,0,Grey,15741.jpg
6441,1,0,White,6441.jpg
7593,1,0,White,7593.jpg
6673,1,0,White,6673.jpg
13684,1,0,Black,13684.jpg
26563,1,0,Tan,26563.jpg
54527,1,0,Black,54527.jpg
37247,1,0,Black,37247.jpg
24462,1,0,Blue,24462.jpg
32507,1,0,Black,32507.jpg
8983,1,0,Black,8983.jpg
3557,1,0,Black,3557.jpg
30250,1,0,Yellow,30250.jpg
31978,1,0,Grey,31978.jpg
7331,1,0,Brown,7331.jpg
13214,1,0,White,13214.jpg
41233,1,0,White,41233.jpg
44741,1,0,White,44741.jpg
44573,1,0,Brown,44573.jpg
5654,1,0,White,5654.jpg
57500,1,0,Brown,57500.jpg
50725,1,0,Black,50725.jpg
22137,1,0,Brown,22137.jpg
2227,1,0,Grey,2227.jpg
26597,1,0,Black,26597.jpg
40785,1,0,White,40785.jpg
12903,1,0,Green,12903.jpg
9052,1,0,White,9052.jpg
6826,1,0,Grey,6826.jpg
18405,1,0,Brown,18405.jpg
1831,1,0,Black,1831.jpg
54518,1,0,White,54518.jpg
38654,1,0,White,38654.jpg
23812,1,0,Black,23812.jpg
42019,1,0,Black,42019.jpg
17029,1,0,Black,17029.jpg
17815,1,0,Black,17815.jpg
24805,1,0,Black,24805.jpg
11924,1,0,Black,11924.jpg
34851,1,0,Charcoal,34851.jpg
2218,1,0,Black,2218.jpg
28600,1,0,Black,28600.jpg
33846,1,0,Black,33846.jpg
5459,1,0,Grey,5459.jpg
31947,1,0,Grey,31947.jpg
8346,1,0,White,8346.jpg
49061,1,0,Brown,49061.jpg
6680,1,0,Grey,6680.jpg
22130,1,0,Black,22130.jpg
2220,1,0,Black,2220.jpg
13677,1,0,White,13677.jpg
26590,1,0,Black,26590.jpg
40782,1,0,Multi,40782.jpg
57507,1,0,Black,57507.jpg
28638,1,0,White,28638.jpg
43335,1,0,Navy Blue,43335.jpg
8528,1,0,Black,8528.jpg
8970,1,0,Red,8970.jpg
17481,1,0,Black,17481.jpg
49059,1,0,Charcoal,49059.jpg
5461,1,0,Black,5461.jpg
44746,1,0,Olive,44746.jpg
8984,1,0,Green,8984.jpg
35725,1,0,Beige,35725.jpg
3550,1,0,Brown,3550.jpg
30257,1,0,Grey,30257.jpg
17647,1,0,Red,17647.jpg
54520,1,0,White,54520.jpg
37240,1,0,Brown,37240.jpg
4547,1,0,White,4547.jpg
13683,1,0,Blue,13683.jpg
3306,1,0,White,3306.jpg
40776,1,0,Black,40776.jpg
15746,1,0,White,15746.jpg
6446,1,0,Grey,6446.jpg
39311,1,0,Multi,39311.jpg
44779,1,0,White,44779.jpg
36957,1,0,White,36957.jpg
28607,1,0,White,28607.jpg
19140,1,0,Black,19140.jpg
39547,1,0,Red,39547.jpg
33841,1,0,White,33841.jpg
11923,1,0,Brown,11923.jpg
13648,1,0,Silver,13648.jpg
34856,1,0,Black,34856.jpg
19372,1,0,Brown,19372.jpg
9431,1,0,Grey,9431.jpg
10039,1,0,White,10039.jpg
38653,1,0,Black,38653.jpg
14499,1,0,Green,14499.jpg
7799,1,0,White,7799.jpg
23815,1,0,Black,23815.jpg
1836,1,0,Silver,1836.jpg
4578,1,0,Red,4578.jpg
12904,1,0,Red,12904.jpg
6821,1,0,Brown,6821.jpg
18402,1,0,Black,18402.jpg
9055,1,0,White,9055.jpg
5698,1,0,Brown,5698.jpg
39297,1,0,Black,39297.jpg
7881,1,0,Black,7881.jpg
13198,1,0,Blue,13198.jpg
12876,1,0,Black,12876.jpg
35668,1,0,Brown,35668.jpg
47248,1,0,Orange,47248.jpg
39899,1,0,Brown,39899.jpg
17960,1,0,Black,17960.jpg
2399,1,0,Black,2399.jpg
2963,1,0,White,2963.jpg
11851,1,0,Grey,11851.jpg
22841,1,0,Brown,22841.jpg
43876,1,0,White,43876.jpg
39263,1,0,Black,39263.jpg
12882,1,0,White,12882.jpg
15406,1,0,White,15406.jpg
10174,1,0,Black,10174.jpg
57481,1,0,White,57481.jpg
31693,1,0,Brown,31693.jpg
35233,1,0,Black,35233.jpg
15250,1,0,Red,15250.jpg
59943,1,0,Black,59943.jpg
35657,1,0,Brown,35657.jpg
34785,1,0,Grey,34785.jpg
35465,1,0,Blue,35465.jpg
6362,1,0,Blue,6362.jpg
23500,1,0,White,23500.jpg
15062,1,0,Brown,15062.jpg
44406,1,0,Brown,44406.jpg
21091,1,0,Brown,21091.jpg
2504,1,0,White,2504.jpg
7244,1,0,Black,7244.jpg
35491,1,0,Brown,35491.jpg
6396,1,0,Beige,6396.jpg
34543,1,0,Brown,34543.jpg
33766,1,0,Blue,33766.jpg
20715,1,0,Black,20715.jpg
39638,1,0,White,39638.jpg
10180,1,0,Yellow,10180.jpg
36442,1,0,Black,36442.jpg
5345,1,0,Black,5345.jpg
57475,1,0,Black,57475.jpg
24187,1,0,Black,24187.jpg
13537,1,0,Brown,13537.jpg
12885,1,0,White,12885.jpg
34749,1,0,White,34749.jpg
28316,1,0,Black,28316.jpg
39264,1,0,Black,39264.jpg
13359,1,0,Beige,13359.jpg
11856,1,0,Red,11856.jpg
22846,1,0,Khaki,22846.jpg
43871,1,0,White,43871.jpg
2964,1,0,White,2964.jpg
59051,0,0,Black,59051.jpg
2886,0,0,Brown,2886.jpg
54118,0,0,Black,54118.jpg
2872,0,0,Brown,2872.jpg
8574,0,0,Pink,8574.jpg
11518,0,0,Grey,11518.jpg
49839,0,0,Red,49839.jpg
2618,0,0,Silver,2618.jpg
47530,0,0,Copper,47530.jpg
54127,0,0,Black,54127.jpg
4140,0,0,Green,4140.jpg
53130,0,0,Brown,53130.jpg
46086,0,0,Lavender,46086.jpg
36137,0,0,Pink,36137.jpg
5630,0,0,Blue,5630.jpg
13042,0,0,Brown,13042.jpg
55657,0,0,Gold,55657.jpg
34452,0,0,Copper,34452.jpg
2627,0,0,Silver,2627.jpg
5402,0,0,Purple,5402.jpg
44725,0,0,Orange,44725.jpg
14431,0,0,Black,14431.jpg
43356,0,0,Charcoal,43356.jpg
14409,0,0,White,14409.jpg
29583,0,0,Silver,29583.jpg
19124,0,0,Pink,19124.jpg
33825,0,0,Silver,33825.jpg
59056,0,0,Blue,59056.jpg
45409,0,0,Black,45409.jpg
10096,0,0,Blue,10096.jpg
34455,0,0,Black,34455.jpg
20267,0,0,Black,20267.jpg
44722,0,0,Orange,44722.jpg
22702,0,0,Beige,22702.jpg
13045,0,0,Maroon,13045.jpg
55650,0,0,Multi,55650.jpg
24633,0,0,Pink,24633.jpg
53137,0,0,Brown,53137.jpg
47537,0,0,Brown,47537.jpg
54120,0,0,Beige,54120.jpg
4147,0,0,White,4147.jpg
43956,0,0,Purple,43956.jpg
49808,0,0,Blue,49808.jpg
22539,0,0,Brown,22539.jpg
2629,0,0,Black,2629.jpg
54129,0,0,Beige,54129.jpg
44189,0,0,Pink,44189.jpg
57303,0,0,Brown,57303.jpg
11516,0,0,Black,11516.jpg
49837,0,0,Blue,49837.jpg
27074,0,0,Blue,27074.jpg
2616,0,0,Gold,2616.jpg
35783,0,0,Turquoise Blue,35783.jpg
22734,0,0,Grey,22734.jpg
34651,0,0,Black,34651.jpg
46615,0,0,Red,46615.jpg
30695,0,0,Bronze,30695.jpg
43367,0,0,Black,43367.jpg
10292,0,0,Brown,10292.jpg
50784,0,0,Cream,50784.jpg
2888,0,0,Brown,2888.jpg
15526,0,0,Brown,15526.jpg
54116,0,0,Maroon,54116.jpg
23878,0,0,Green,23878.jpg
12703,0,0,White,12703.jpg
53757,0,0,White,53757.jpg
27080,0,0,Silver,27080.jpg
45400,0,0,Maroon,45400.jpg
53139,0,0,Blue,53139.jpg
16995,0,0,Black,16995.jpg
47539,0,0,White,47539.jpg
56679,0,0,Brown,56679.jpg
4149,0,0,White,4149.jpg
8542,0,0,Black,8542.jpg
43951,0,0,Bronze,43951.jpg
14438,0,0,Yellow,14438.jpg
3505,0,0,White,3505.jpg
45407,0,0,Brown,45407.jpg
4512,0,0,Grey,4512.jpg
54111,0,0,Copper,54111.jpg
50783,0,0,Black,50783.jpg
46612,0,0,Brown,46612.jpg
30692,0,0,Brown,30692.jpg
35784,0,0,Black,35784.jpg
57304,0,0,Brown,57304.jpg
11511,0,0,Gold,11511.jpg
22501,0,0,Beige,22501.jpg
49830,0,0,Pink,49830.jpg
2611,0,0,Gold,2611.jpg
56878,0,0,Silver,56878.jpg
3135,0,0,Gold,3135.jpg
17010,0,0,Brown,17010.jpg
6447,0,0,Black,6447.jpg
7595,0,0,Blue,7595.jpg
13682,0,0,Silver,13682.jpg
54145,0,0,Brown,54145.jpg
47552,0,0,Brown,47552.jpg
39579,0,0,Multi,39579.jpg
6681,0,0,White,6681.jpg
14453,0,0,Black,14453.jpg
13212,0,0,Grey,13212.jpg
50175,0,0,Black,50175.jpg
5460,0,0,Black,5460.jpg
55635,0,0,Gold,55635.jpg
40748,0,0,Pink,40748.jpg
38652,0,0,Black,38652.jpg
33088,0,0,Gold,33088.jpg
9054,0,0,White,9054.jpg
6820,0,0,Green,6820.jpg
12905,0,0,Purple,12905.jpg
59033,0,0,Black,59033.jpg
4579,0,0,Blue,4579.jpg
17679,0,0,Pink,17679.jpg
8172,0,0,Blue,8172.jpg
58327,0,0,Lavender,58327.jpg
31941,0,0,Grey,31941.jpg
47599,0,0,Brown,47599.jpg
55632,0,0,Black,55632.jpg
13027,0,0,Gold,13027.jpg
50172,0,0,Green,50172.jpg
14454,0,0,Taupe,14454.jpg
49609,0,0,Brown,49609.jpg
22304,0,0,Beige,22304.jpg
54142,0,0,Beige,54142.jpg
42027,0,0,Black,42027.jpg
6672,0,0,White,6672.jpg
47555,0,0,White,47555.jpg
15740,0,0,Grey,15740.jpg
17017,0,0,Black,17017.jpg
11925,0,0,Black,11925.jpg
41669,0,0,Silver,41669.jpg
8175,0,0,Brown,8175.jpg
13018,0,0,Black,13018.jpg
6827,0,0,Blue,6827.jpg
12902,0,0,Black,12902.jpg
59034,0,0,Bronze,59034.jpg
35378,0,0,Green,35378.jpg
14462,0,0,Gold,14462.jpg
47597,0,0,Beige,47597.jpg
13475,0,0,Brown,13475.jpg
17683,0,0,Black,17683.jpg
15312,0,0,Blue,15312.jpg
24455,0,0,White,24455.jpg
17677,0,0,Tan,17677.jpg
15544,0,0,Black,15544.jpg
6644,0,0,White,6644.jpg
47563,0,0,Black,47563.jpg
13481,0,0,Black,13481.jpg
17021,0,0,Black,17021.jpg
33086,0,0,Red,33086.jpg
46822,0,0,Multi,46822.jpg
56882,0,0,Red,56882.jpg
39577,0,0,Pink,39577.jpg
49600,0,0,White,49600.jpg
13678,0,0,Silver,13678.jpg
43934,0,0,Black,43934.jpg
39583,0,0,Red,39583.jpg
6449,0,0,Black,6449.jpg
18600,0,0,Grey,18600.jpg
4548,0,0,Black,4548.jpg
56876,0,0,Blue,56876.jpg
15543,0,0,Brown,15543.jpg
47564,0,0,Brown,47564.jpg
6643,0,0,Pink,6643.jpg
4570,0,0,Black,4570.jpg
53732,0,0,Green,53732.jpg
17670,0,0,Black,17670.jpg
6829,0,0,White,6829.jpg
4742,0,0,Grey,4742.jpg
17684,0,0,Grey,17684.jpg
13016,0,0,Brown,13016.jpg
41667,0,0,Black,41667.jpg
13640,0,0,Purple,13640.jpg
47590,0,0,Green,47590.jpg
56871,0,0,Black,56871.jpg
42029,0,0,Purple,42029.jpg
39584,0,0,Black,39584.jpg
45802,0,0,Black,45802.jpg
17019,0,0,Brown,17019.jpg
43933,0,0,Black,43933.jpg
39570,0,0,Black,39570.jpg
49607,0,0,Brown,49607.jpg
56885,0,0,Red,56885.jpg
17489,0,0,Off White,17489.jpg
8978,0,0,Purple,8978.jpg
46825,0,0,Off White,46825.jpg
31977,0,0,Olive,31977.jpg
8771,0,0,Black,8771.jpg
43950,0,0,Beige,43950.jpg
47538,0,0,Maroon,47538.jpg
4148,0,0,White,4148.jpg
53138,0,0,Blue,53138.jpg
16994,0,0,Black,16994.jpg
30693,0,0,Brown,30693.jpg
46613,0,0,Grey,46613.jpg
57305,0,0,Black,57305.jpg
11510,0,0,Beige,11510.jpg
2610,0,0,Black,2610.jpg
49831,0,0,Blue,49831.jpg
22500,0,0,Blue,22500.jpg
35785,0,0,Orange,35785.jpg
27086,0,0,Black,27086.jpg
45406,0,0,Black,45406.jpg
26702,0,0,White,26702.jpg
21715,0,0,Blue,21715.jpg
54110,0,0,Black,54110.jpg
46089,0,0,White,46089.jpg
24409,0,0,White,24409.jpg
44188,0,0,Black,44188.jpg
17841,0,0,White,17841.jpg
54128,0,0,Silver,54128.jpg
43957,0,0,Grey,43957.jpg
2628,0,0,Gold,2628.jpg
49809,0,0,White,49809.jpg
4170,0,0,Yellow,4170.jpg
54117,0,0,Brown,54117.jpg
12702,0,0,White,12702.jpg
3167,0,0,White,3167.jpg
26705,0,0,Black,26705.jpg
2889,0,0,Brown,2889.jpg
15715,0,0,Purple,15715.jpg
45401,0,0,Grey,45401.jpg
27081,0,0,Gold,27081.jpg
22735,0,0,Grey,22735.jpg
35782,0,0,Pink,35782.jpg
34650,0,0,Black,34650.jpg
57302,0,0,Black,57302.jpg
11517,0,0,White,11517.jpg
27075,0,0,Black,27075.jpg
49836,0,0,Gold,49836.jpg
14401,0,0,Blue,14401.jpg
30694,0,0,Black,30694.jpg
43366,0,0,Navy Blue,43366.jpg
46614,0,0,Black,46614.jpg
2880,0,0,Grey,2880.jpg
5897,0,0,White,5897.jpg
45408,0,0,Beige,45408.jpg
19125,0,0,Blue,19125.jpg
2874,0,0,Black,2874.jpg
33824,0,0,Grey,33824.jpg
14408,0,0,Beige,14408.jpg
34833,0,0,Green,34833.jpg
29582,0,0,Black,29582.jpg
54121,0,0,Black,54121.jpg
47536,0,0,Black,47536.jpg
15511,0,0,Pink,15511.jpg
21724,0,0,Brown,21724.jpg
4146,0,0,White,4146.jpg
53136,0,0,Black,53136.jpg
15723,0,0,White,15723.jpg
14437,0,0,Silver,14437.jpg
46622,0,0,Multi,46622.jpg
13044,0,0,Black,13044.jpg
55651,0,0,Blue,55651.jpg
34454,0,0,Brown,34454.jpg
44723,0,0,White,44723.jpg
20266,0,0,White,20266.jpg
34834,0,0,Navy Blue,34834.jpg
33823,0,0,Grey,33823.jpg
11519,0,0,Brown,11519.jpg
49838,0,0,Black,49838.jpg
59050,0,0,Red,59050.jpg
54119,0,0,Brown,54119.jpg
2887,0,0,Beige,2887.jpg
10269,0,0,Red,10269.jpg
13271,0,0,Gold,13271.jpg
2626,0,0,Red,2626.jpg
34453,0,0,Black,34453.jpg
5403,0,0,White,5403.jpg
44724,0,0,Lavender,44724.jpg
36136,0,0,Green,36136.jpg
55656,0,0,Brown,55656.jpg
14430,0,0,Black,14430.jpg
53131,0,0,Gold,53131.jpg
54126,0,0,Bronze,54126.jpg
47531,0,0,Gold,47531.jpg
21723,0,0,Beige,21723.jpg
46087,0,0,Silver,46087.jpg
17685,0,0,Multi,17685.jpg
47591,0,0,Black,47591.jpg
13641,0,0,Navy Blue,13641.jpg
13473,0,0,White,13473.jpg
41692,0,0,Gold,41692.jpg
15542,0,0,Multi,15542.jpg
47565,0,0,Black,47565.jpg
4743,0,0,Red,4743.jpg
4571,0,0,Purple,4571.jpg
17671,0,0,Beige,17671.jpg
39571,0,0,Black,39571.jpg
49606,0,0,Silver,49606.jpg
43932,0,0,Blue,43932.jpg
31976,0,0,Grey,31976.jpg
46824,0,0,Blue,46824.jpg
56884,0,0,Black,56884.jpg
13028,0,0,Black,13028.jpg
56870,0,0,Brown,56870.jpg
45803,0,0,Silver,45803.jpg
39585,0,0,Black,39585.jpg
17018,0,0,Yellow,17018.jpg
42028,0,0,White,42028.jpg
17676,0,0,Black,17676.jpg
35714,0,0,Grey,35714.jpg
17020,0,0,Tan,17020.jpg
13480,0,0,Black,13480.jpg
33087,0,0,Brown,33087.jpg
15545,0,0,Black,15545.jpg
6645,0,0,Grey,6645.jpg
47562,0,0,White,47562.jpg
13474,0,0,Gold,13474.jpg
47596,0,0,White,47596.jpg
50145,0,0,Black,50145.jpg
17682,0,0,Blue,17682.jpg
39582,0,0,Brown,39582.jpg
45804,0,0,Black,45804.jpg
56877,0,0,Gold,56877.jpg
56883,0,0,Silver,56883.jpg
46823,0,0,Red,46823.jpg
43935,0,0,White,43935.jpg
39576,0,0,Black,39576.jpg
8526,0,0,Black,8526.jpg
49601,0,0,Beige,49601.jpg
17016,0,0,White,17016.jpg
47554,0,0,Red,47554.jpg
54143,0,0,Black,54143.jpg
42026,0,0,White,42026.jpg
3301,0,0,White,3301.jpg
6819,0,0,Red,6819.jpg
50173,0,0,Multi,50173.jpg
8977,0,0,Black,8977.jpg
55633,0,0,Gold,55633.jpg
13026,0,0,Gold,13026.jpg
22305,0,0,White,22305.jpg
49608,0,0,Red,49608.jpg
59035,0,0,Metallic,59035.jpg
41668,0,0,Silver,41668.jpg
13019,0,0,Pink,13019.jpg
14452,0,0,Black,14452.jpg
39578,0,0,Bronze,39578.jpg
32190,0,0,Pink,32190.jpg
55634,0,0,Gold,55634.jpg
50174,0,0,Purple,50174.jpg
13213,0,0,White,13213.jpg
56879,0,0,Black,56879.jpg
47553,0,0,Black,47553.jpg
6674,0,0,Black,6674.jpg
54144,0,0,Brown,54144.jpg
42021,0,0,Black,42021.jpg
17011,0,0,Silver,17011.jpg
7594,0,0,Cream,7594.jpg
35341,0,0,Brown,35341.jpg
3134,0,0,Silver,3134.jpg
58326,0,0,White,58326.jpg
47598,0,0,Black,47598.jpg
40749,0,0,Blue,40749.jpg
17678,0,0,Blue,17678.jpg
59032,0,0,Bronze,59032.jpg
9127,0,0,White,9127.jpg
29237,0,0,Black,29237.jpg
56934,0,0,Silver,56934.jpg
4638,0,0,White,4638.jpg
32815,0,0,Brown,32815.jpg
45349,0,0,Pink,45349.jpg
49584,0,0,Black,49584.jpg
35802,0,0,Mustard,35802.jpg
43882,0,0,White,43882.jpg
19032,0,0,Beige,19032.jpg
39607,0,0,Gold,39607.jpg
16248,0,0,Black,16248.jpg
14349,0,0,Gold,14349.jpg
20940,0,0,Black,20940.jpg
45376,0,0,Brown,45376.jpg
26624,0,0,Purple,26624.jpg
47613,0,0,Brown,47613.jpg
22284,0,0,Gold,22284.jpg
53445,0,0,Red,53445.jpg
42705,0,0,Brown,42705.jpg
9118,0,0,Silver,9118.jpg
14376,0,0,Black,14376.jpg
57011,0,0,Green,57011.jpg
13361,0,0,Tan,13361.jpg
43411,0,0,Black,43411.jpg
45382,0,0,Black,45382.jpg
41722,0,0,Teal,41722.jpg
33130,0,0,Brown,33130.jpg
20947,0,0,Blue,20947.jpg
39600,0,0,Black,39600.jpg
49577,0,0,Pink,49577.jpg
19035,0,0,Red,19035.jpg
33108,0,0,Yellow,33108.jpg
49583,0,0,Orange,49583.jpg
43885,0,0,Black,43885.jpg
3842,0,0,Pink,3842.jpg
32812,0,0,Black,32812.jpg
29230,0,0,Grey,29230.jpg
56933,0,0,Purple,56933.jpg
15268,0,0,Purple,15268.jpg
59147,0,0,Beige,59147.jpg
33137,0,0,Black,33137.jpg
22277,0,0,Gold,22277.jpg
45385,0,0,Bronze,45385.jpg
41725,0,0,Red,41725.jpg
13366,0,0,Brown,13366.jpg
6391,0,0,Grey,6391.jpg
14371,0,0,Red,14371.jpg
14385,0,0,Silver,14385.jpg
53442,0,0,Blue,53442.jpg
15257,0,0,Black,15257.jpg
18548,0,0,Beige,18548.jpg
26623,0,0,Black,26623.jpg
47614,0,0,Red,47614.jpg
45371,0,0,Taupe,45371.jpg
42995,0,0,Black,42995.jpg
13539,0,0,Gold,13539.jpg
14378,0,0,White,14378.jpg
7844,0,0,Black,7844.jpg
56905,0,0,Black,56905.jpg
18541,0,0,Red,18541.jpg
9116,0,0,White,9116.jpg
45378,0,0,Black,45378.jpg
32824,0,0,Blue,32824.jpg
59388,0,0,Black,59388.jpg
33101,0,0,Black,33101.jpg
39609,0,0,Brown,39609.jpg
41713,0,0,Orange,41713.jpg
26615,0,0,White,26615.jpg
47622,0,0,Brown,47622.jpg
5380,0,0,Purple,5380.jpg
45347,0,0,Beige,45347.jpg
39897,0,0,Black,39897.jpg
15261,0,0,White,15261.jpg
15259,0,0,White,15259.jpg
56902,0,0,Black,56902.jpg
18546,0,0,Tan,18546.jpg
13992,0,0,Grey,13992.jpg
13368,0,0,Grey,13368.jpg
7843,0,0,White,7843.jpg
5942,0,0,Black,5942.jpg
42733,0,0,Brown,42733.jpg
15266,0,0,Gold,15266.jpg
4631,0,0,Pink,4631.jpg
45340,0,0,Silver,45340.jpg
47625,0,0,White,47625.jpg
41714,0,0,Black,41714.jpg
49579,0,0,White,49579.jpg
5373,0,0,Pink,5373.jpg
33106,0,0,Blue,33106.jpg
34747,0,0,White,34747.jpg
14340,0,0,Pink,14340.jpg
20949,0,0,Yellow,20949.jpg
56969,0,0,Black,56969.jpg
32848,0,0,Pink,32848.jpg
46591,0,0,Black,46591.jpg
20783,0,0,Beige,20783.jpg
13555,0,0,Red,13555.jpg
41740,0,0,Black,41740.jpg
20777,0,0,Gold,20777.jpg
15490,0,0,Black,15490.jpg
45784,0,0,Black,45784.jpg
33536,0,0,Brown,33536.jpg
44464,0,0,Black,44464.jpg
7828,0,0,Black,7828.jpg
25498,0,0,Blue,25498.jpg
37961,0,0,White,37961.jpg
56956,0,0,Metallic,56956.jpg
21038,0,0,Black,21038.jpg
39201,0,0,Beige,39201.jpg
9383,0,0,White,9383.jpg
5916,0,0,Black,5916.jpg
2901,0,0,Black,2901.jpg
19050,0,0,Brown,19050.jpg
33531,0,0,Black,33531.jpg
44463,0,0,Pink,44463.jpg
46334,0,0,White,46334.jpg
45783,0,0,Maroon,45783.jpg
20770,0,0,Silver,20770.jpg
36615,0,0,Blue,36615.jpg
15497,0,0,Black,15497.jpg
13552,0,0,Yellow,13552.jpg
46596,0,0,Brown,46596.jpg
20784,0,0,Black,20784.jpg
44497,0,0,Brown,44497.jpg
36418,0,0,Pink,36418.jpg
5911,0,0,White,5911.jpg
39206,0,0,Beige,39206.jpg
58231,0,0,Black,58231.jpg
41912,0,0,Pink,41912.jpg
11498,0,0,White,11498.jpg
6338,0,0,Black,6338.jpg
37966,0,0,Gold,37966.jpg
56951,0,0,Black,56951.jpg
44203,0,0,Pink,44203.jpg
23795,0,0,Black,23795.jpg
34510,0,0,Black,34510.jpg
4654,0,0,Navy Blue,4654.jpg
56958,0,0,Blue,56958.jpg
45325,0,0,Blue,45325.jpg
47640,0,0,Brown,47640.jpg
56993,0,0,Brown,56993.jpg
7826,0,0,White,7826.jpg
5927,0,0,White,5927.jpg
20779,0,0,Gold,20779.jpg
32846,0,0,Brown,32846.jpg
56967,0,0,Brown,56967.jpg
45322,0,0,Beige,45322.jpg
47475,0,0,Black,47475.jpg
11496,0,0,Grey,11496.jpg
37968,0,0,Turquoise Blue,37968.jpg
39208,0,0,Beige,39208.jpg
34517,0,0,Green,34517.jpg
19865,0,0,Red,19865.jpg
13563,0,0,Black,13563.jpg
44204,0,0,Blue,44204.jpg
12683,0,0,White,12683.jpg
56960,0,0,Yellow,56960.jpg
59326,0,0,Black,59326.jpg
46598,0,0,Beige,46598.jpg
32841,0,0,Gold,32841.jpg
5920,0,0,White,5920.jpg
15499,0,0,Red,15499.jpg
56994,0,0,Orange,56994.jpg
41940,0,0,Black,41940.jpg
7842,0,0,Black,7842.jpg
56903,0,0,Blue,56903.jpg
15258,0,0,Beige,15258.jpg
18547,0,0,Blue,18547.jpg
9110,0,0,Black,9110.jpg
3618,0,0,Pink,3618.jpg
33107,0,0,Pink,33107.jpg
41715,0,0,Brown,41715.jpg
49578,0,0,Black,49578.jpg
13356,0,0,Silver,13356.jpg
14341,0,0,Green,14341.jpg
42732,0,0,Silver,42732.jpg
15267,0,0,Yellow,15267.jpg
47624,0,0,Maroon,47624.jpg
45341,0,0,Beige,45341.jpg
56904,0,0,Blue,56904.jpg
18540,0,0,Black,18540.jpg
45379,0,0,White,45379.jpg
42994,0,0,Purple,42994.jpg
5944,0,0,White,5944.jpg
14379,0,0,Beige,14379.jpg
45346,0,0,White,45346.jpg
47623,0,0,Black,47623.jpg
12421,0,0,Beige,12421.jpg
5381,0,0,Purple,5381.jpg
15260,0,0,Black,15260.jpg
39896,0,0,Blue,39896.jpg
4637,0,0,White,4637.jpg
3620,0,0,Green,3620.jpg
13163,0,0,Silver,13163.jpg
39608,0,0,White,39608.jpg
41712,0,0,Teal,41712.jpg
33100,0,0,Blue,33100.jpg
5375,0,0,Blue,5375.jpg
3843,0,0,Gold,3843.jpg
17966,0,0,White,17966.jpg
32813,0,0,Purple,32813.jpg
49582,0,0,Gold,49582.jpg
29231,0,0,Black,29231.jpg
6169,0,0,Blue,6169.jpg
59146,0,0,Black,59146.jpg
15269,0,0,Pink,15269.jpg
56932,0,0,Metallic,56932.jpg
13358,0,0,Brown,13358.jpg
34748,0,0,Black,34748.jpg
19034,0,0,Blue,19034.jpg
33109,0,0,Pink,33109.jpg
39601,0,0,Black,39601.jpg
49576,0,0,Beige,49576.jpg
14384,0,0,Blue,14384.jpg
15256,0,0,Black,15256.jpg
42703,0,0,Black,42703.jpg
18549,0,0,Purple,18549.jpg
45370,0,0,Brown,45370.jpg
47615,0,0,Black,47615.jpg
17959,0,0,White,17959.jpg
41724,0,0,Olive,41724.jpg
45384,0,0,White,45384.jpg
33136,0,0,Brown,33136.jpg
5343,0,0,Blue,5343.jpg
22276,0,0,Black,22276.jpg
14370,0,0,Black,14370.jpg
6390,0,0,Beige,6390.jpg
13367,0,0,Brown,13367.jpg
39606,0,0,Silver,39606.jpg
19033,0,0,Tan,19033.jpg
14348,0,0,White,14348.jpg
59387,0,0,Brown,59387.jpg
29236,0,0,Navy Blue,29236.jpg
4639,0,0,White,4639.jpg
56935,0,0,Blue,56935.jpg
45348,0,0,Black,45348.jpg
43883,0,0,Black,43883.jpg
35803,0,0,Tan,35803.jpg
49585,0,0,Beige,49585.jpg
32814,0,0,Cream,32814.jpg
13360,0,0,Brown,13360.jpg
57010,0,0,Black,57010.jpg
14377,0,0,Copper,14377.jpg
33131,0,0,Black,33131.jpg
13704,0,0,Beige,13704.jpg
41723,0,0,Navy Blue,41723.jpg
45383,0,0,Brown,45383.jpg
47612,0,0,Black,47612.jpg
45377,0,0,Red,45377.jpg
14383,0,0,Copper,14383.jpg
9119,0,0,Black,9119.jpg
25464,0,0,Black,25464.jpg
34516,0,0,Purple,34516.jpg
44205,0,0,Green,44205.jpg
13562,0,0,Purple,13562.jpg
36417,0,0,Black,36417.jpg
45323,0,0,Brown,45323.jpg
47474,0,0,Black,47474.jpg
42750,0,0,Brown,42750.jpg
21030,0,0,Red,21030.jpg
37969,0,0,Taupe,37969.jpg
25490,0,0,White,25490.jpg
11497,0,0,Pink,11497.jpg
5921,0,0,White,5921.jpg
56995,0,0,Purple,56995.jpg
6308,0,0,White,6308.jpg
56961,0,0,Black,56961.jpg
32840,0,0,Blue,32840.jpg
46599,0,0,Tan,46599.jpg
56959,0,0,Red,56959.jpg
4655,0,0,White,4655.jpg
25497,0,0,Purple,25497.jpg
26676,0,0,Pink,26676.jpg
47641,0,0,Cream,47641.jpg
24121,0,0,White,24121.jpg
45324,0,0,Pink,45324.jpg
44202,0,0,Purple,44202.jpg
5919,0,0,White,5919.jpg
44454,0,0,Black,44454.jpg
32847,0,0,Beige,32847.jpg
53870,0,0,Brown,53870.jpg
56966,0,0,Black,56966.jpg
12824,0,0,Black,12824.jpg
56992,0,0,Black,56992.jpg
20778,0,0,Silver,20778.jpg
46597,0,0,Mushroom Brown,46597.jpg
10110,0,0,White,10110.jpg
44462,0,0,Brown,44462.jpg
57849,0,0,Blue,57849.jpg
33530,0,0,Beige,33530.jpg
46335,0,0,Black,46335.jpg
13553,0,0,Brown,13553.jpg
20771,0,0,Silver,20771.jpg
15496,0,0,Blue,15496.jpg
36614,0,0,Multi,36614.jpg
56950,0,0,Maroon,56950.jpg
37967,0,0,White,37967.jpg
11499,0,0,Blue,11499.jpg
5910,0,0,Silver,5910.jpg
36419,0,0,Blue,36419.jpg
39207,0,0,Black,39207.jpg
34518,0,0,Pink,34518.jpg
20776,0,0,Black,20776.jpg
15491,0,0,Nude,15491.jpg
5928,0,0,Black,5928.jpg
41741,0,0,Brown,41741.jpg
13554,0,0,Pink,13554.jpg
44465,0,0,Red,44465.jpg
33537,0,0,Brown,33537.jpg
34520,0,0,Purple,34520.jpg
45785,0,0,Black,45785.jpg
56968,0,0,Black,56968.jpg
46590,0,0,Green,46590.jpg
20782,0,0,Gold,20782.jpg
32849,0,0,Brown,32849.jpg
39200,0,0,Black,39200.jpg
7816,0,0,Black,7816.jpg
20923,0,0,Black,20923.jpg
19051,0,0,Brown,19051.jpg
2900,0,0,Silver,2900.jpg
5319,0,0,White,5319.jpg
5917,0,0,Silver,5917.jpg
3228,0,0,Black,3228.jpg
56957,0,0,Black,56957.jpg
37960,0,0,Black,37960.jpg
13549,0,0,Grey,13549.jpg
57853,0,0,Green,57853.jpg
56981,0,0,Gold,56981.jpg
20901,0,0,Brown,20901.jpg
6912,0,0,Black,6912.jpg
56975,0,0,Black,56975.jpg
59757,0,0,Black,59757.jpg
32854,0,0,Black,32854.jpg
33515,0,0,Tan,33515.jpg
3497,0,0,Blue,3497.jpg
40483,0,0,Pink,40483.jpg
44211,0,0,Brown,44211.jpg
20754,0,0,Black,20754.jpg
58488,0,0,Black,58488.jpg
10307,0,0,Silver,10307.jpg
23919,0,0,Black,23919.jpg
54077,0,0,Black,54077.jpg
3235,0,0,Black,3235.jpg
45337,0,0,Black,45337.jpg
25484,0,0,Turquoise Blue,25484.jpg
3463,0,0,White,3463.jpg
32853,0,0,Green,32853.jpg
23921,0,0,Grey,23921.jpg
47458,0,0,Black,47458.jpg
56972,0,0,Black,56972.jpg
57854,0,0,Brown,57854.jpg
56986,0,0,Black,56986.jpg
20906,0,0,Red,20906.jpg
35423,0,0,Blue,35423.jpg
26450,0,0,Black,26450.jpg
6740,0,0,Grey,6740.jpg
45330,0,0,Red,45330.jpg
20753,0,0,Silver,20753.jpg
44216,0,0,White,44216.jpg
19877,0,0,White,19877.jpg
33512,0,0,Black,33512.jpg
3490,0,0,Blue,3490.jpg
57298,0,0,Beige,57298.jpg
56944,0,0,Green,56944.jpg
8085,0,0,Silver,8085.jpg
10309,0,0,White,10309.jpg
26459,0,0,White,26459.jpg
23917,0,0,White,23917.jpg
45339,0,0,Gold,45339.jpg
19042,0,0,Blue,19042.jpg
5904,0,0,White,5904.jpg
14339,0,0,Grey,14339.jpg
8071,0,0,Grey,8071.jpg
59759,0,0,Black,59759.jpg
46583,0,0,Grey,46583.jpg
47451,0,0,Brown,47451.jpg
21471,0,0,Purple,21471.jpg
41938,0,0,Gold,41938.jpg
33524,0,0,Red,33524.jpg
58815,0,0,Black,58815.jpg
45796,0,0,Green,45796.jpg
20765,0,0,Silver,20765.jpg
13547,0,0,Red,13547.jpg
9396,0,0,Black,9396.jpg
44218,0,0,Black,44218.jpg
19045,0,0,Multi,19045.jpg
19879,0,0,White,19879.jpg
59761,0,0,Black,59761.jpg
56943,0,0,Black,56943.jpg
20762,0,0,Red,20762.jpg
13918,0,0,Black,13918.jpg
56988,0,0,Brown,56988.jpg
33523,0,0,Black,33523.jpg
17742,0,0,White,17742.jpg
10755,0,0,Pink,10755.jpg
46584,0,0,White,46584.jpg
47456,0,0,Black,47456.jpg
13726,0,0,Blue,13726.jpg
33113,0,0,Black,33113.jpg
39871,0,0,Blue,39871.jpg
6187,0,0,Green,6187.jpg
56928,0,0,Brown,56928.jpg
6173,0,0,White,6173.jpg
49598,0,0,Grey,49598.jpg
4072,0,0,Grey,4072.jpg
45355,0,0,Beige,45355.jpg
32809,0,0,Navy Blue,32809.jpg
51755,0,0,Black,51755.jpg
47630,0,0,Blue,47630.jpg
32836,0,0,Pink,32836.jpg
35821,0,0,Black,35821.jpg
18553,0,0,Blue,18553.jpg
